From;To;Points given by voting;Points given to voted;Points given from voting to voted
Macedonia;Albania;1160;778;117
Montenegro;Albania;870;557;69
Greece;Albania;1160;778;88
Serbia and Montenegro;Albania;174;159;16
Switzerland;Albania;1160;778;68
Italy;Albania;754;454;37
Turkey;Albania;522;470;31
Croatia;Albania;1044;744;37
Bosnia and Herzegovina;Albania;638;470;21
San Marino;Albania;812;509;22
Austria;Albania;928;613;25
Hungary;Albania;986;610;20
Azerbaijan;Albania;928;619;20
Belgium;Albania;1160;778;22
Iceland;Albania;1160;778;21
Slovenia;Albania;1160;778;18
Bulgaria;Albania;870;548;11
Malta;Albania;1160;778;13
Germany;Albania;1160;778;12
Cyprus;Albania;1102;778;12
Czech Republic;Albania;696;411;6
Poland;Albania;1044;632;9
Portugal;Albania;986;778;10
Georgia;Albania;928;571;7
Denmark;Albania;1160;778;9
Finland;Albania;1160;778;9
Sweden;Albania;1160;778;9
United Kingdom;Albania;1160;778;9
Belarus;Albania;1160;778;7
Romania;Albania;1044;778;5
Ireland;Albania;1160;778;4
Norway;Albania;1160;778;3
Russia;Albania;1044;778;3
Serbia;Albania;928;619;2
France;Albania;1160;778;2
Latvia;Albania;1160;778;2
Estonia;Albania;1160;778;1
Netherlands;Albania;1160;778;1
Armenia;Albania;986;473;0
Australia;Albania;522;308;0
Moldova;Albania;1102;672;0
Ukraine;Albania;986;654;0
Israel;Albania;1160;778;0
Lithuania;Albania;1160;778;0
Spain;Albania;1160;778;0
Andorra;Albania;348;262;0
Monaco;Albania;174;159;0
Slovakia;Albania;232;256;0
Luxembourg;Albania;0;0;0
Morocco;Albania;0;0;0
Yugoslavia;Albania;0;0;0
Australia;Andorra;0;0;0
Italy;Andorra;0;0;0
Luxembourg;Andorra;0;0;0
Morocco;Andorra;0;0;0
Yugoslavia;Andorra;0;0;0
Albania;Andorra;348;0;0
Belarus;Andorra;348;0;0
Belgium;Andorra;348;0;0
Bosnia and Herzegovina;Andorra;348;0;0
Croatia;Andorra;348;0;0
Cyprus;Andorra;348;0;0
Denmark;Andorra;348;0;0
Estonia;Andorra;348;0;0
Finland;Andorra;348;0;0
France;Andorra;348;0;0
Germany;Andorra;348;0;0
Greece;Andorra;348;0;0
Iceland;Andorra;348;0;0
Ireland;Andorra;348;0;0
Israel;Andorra;348;0;0
Latvia;Andorra;348;0;0
Lithuania;Andorra;348;0;0
Macedonia;Andorra;348;0;0
Malta;Andorra;348;0;0
Netherlands;Andorra;348;0;0
Norway;Andorra;348;0;0
Poland;Andorra;348;0;0
Portugal;Andorra;348;0;0
Romania;Andorra;348;0;0
Russia;Andorra;348;0;0
Slovenia;Andorra;348;0;0
Spain;Andorra;348;0;0
Sweden;Andorra;348;0;0
Switzerland;Andorra;348;0;0
Turkey;Andorra;348;0;0
Ukraine;Andorra;348;0;0
United Kingdom;Andorra;348;0;0
Bulgaria;Andorra;290;0;0
Moldova;Andorra;290;0;0
Armenia;Andorra;232;0;0
Hungary;Andorra;232;0;0
Austria;Andorra;174;0;0
Czech Republic;Andorra;174;0;0
Monaco;Andorra;174;0;0
Montenegro;Andorra;174;0;0
Serbia;Andorra;174;0;0
Serbia and Montenegro;Andorra;174;0;0
Azerbaijan;Andorra;116;0;0
Georgia;Andorra;116;0;0
San Marino;Andorra;58;0;0
Slovakia;Andorra;58;0;0
Georgia;Armenia;870;1055;93
Russia;Armenia;870;1197;91
France;Armenia;986;1276;86
Bulgaria;Armenia;754;1068;70
Turkey;Armenia;348;699;44
Czech Republic;Armenia;696;791;46
Greece;Armenia;986;1276;71
Netherlands;Armenia;986;1276;66
Cyprus;Armenia;928;1102;53
Spain;Armenia;986;1276;60
Belgium;Armenia;986;1276;58
Israel;Armenia;986;1276;55
Ukraine;Armenia;812;1242;51
Belarus;Armenia;986;1276;52
Poland;Armenia;928;1235;39
Moldova;Armenia;986;1276;39
Slovakia;Armenia;174;233;7
San Marino;Armenia;754;776;21
Austria;Armenia;754;715;19
Montenegro;Armenia;812;1006;25
Romania;Armenia;870;1027;25
Germany;Armenia;986;1276;26
Macedonia;Armenia;986;1276;24
Serbia;Armenia;870;973;16
Latvia;Armenia;986;1276;17
Hungary;Armenia;870;1006;13
Malta;Armenia;986;1276;15
Sweden;Armenia;986;1276;15
Slovenia;Armenia;986;1276;12
Italy;Armenia;696;577;5
Albania;Armenia;986;1276;11
Bosnia and Herzegovina;Armenia;464;948;8
Portugal;Armenia;812;986;8
Lithuania;Armenia;986;1276;9
Iceland;Armenia;986;1276;8
Estonia;Armenia;986;1276;5
Finland;Armenia;986;1276;5
Croatia;Armenia;870;1068;4
Australia;Armenia;522;362;1
Denmark;Armenia;986;1276;3
Azerbaijan;Armenia;870;1009;0
Ireland;Armenia;986;1276;0
Norway;Armenia;986;1276;0
Switzerland;Armenia;986;1276;0
United Kingdom;Armenia;986;1276;0
Andorra;Armenia;232;558;0
Monaco;Armenia;58;129;0
Serbia and Montenegro;Armenia;58;129;0
Luxembourg;Armenia;0;0;0
Morocco;Armenia;0;0;0
Yugoslavia;Armenia;0;0;0
Sweden;Australia;522;1263;65
Iceland;Australia;522;1263;56
Poland;Australia;522;1263;54
United Kingdom;Australia;522;1263;53
Denmark;Australia;522;1263;52
Finland;Australia;522;1263;46
Germany;Australia;522;1263;45
Spain;Australia;522;1263;42
Norway;Australia;522;1263;41
Israel;Australia;522;1263;40
Moldova;Australia;522;1263;40
Hungary;Australia;522;1263;37
Romania;Australia;406;752;22
Albania;Australia;522;1263;34
Belgium;Australia;522;1263;34
Latvia;Australia;522;1263;33
Malta;Australia;522;1263;33
Netherlands;Australia;522;1263;33
Bosnia and Herzegovina;Australia;116;511;13
Austria;Australia;522;1263;30
France;Australia;522;1263;30
Macedonia;Australia;522;1263;29
Switzerland;Australia;522;1263;29
Estonia;Australia;522;1263;28
Croatia;Australia;464;1067;23
Portugal;Australia;406;752;16
Cyprus;Australia;522;1263;25
Ireland;Australia;522;1263;25
Serbia;Australia;522;1263;25
Belarus;Australia;522;1263;24
Italy;Australia;522;1263;24
Lithuania;Australia;522;1263;24
Russia;Australia;406;1090;19
Greece;Australia;522;1263;22
Bulgaria;Australia;348;783;13
Ukraine;Australia;348;783;13
Slovenia;Australia;522;1263;20
Czech Republic;Australia;522;1263;19
San Marino;Australia;522;1263;15
Azerbaijan;Australia;522;1263;11
Armenia;Australia;522;1263;9
Georgia;Australia;522;1263;9
Montenegro;Australia;522;1263;8
Andorra;Australia;0;0;0
Luxembourg;Australia;0;0;0
Monaco;Australia;0;0;0
Morocco;Australia;0;0;0
Serbia and Montenegro;Australia;0;0;0
Slovakia;Australia;0;0;0
Turkey;Australia;0;0;0
Yugoslavia;Australia;0;0;0
Turkey;Austria;464;234;23
Bulgaria;Austria;638;650;37
Switzerland;Austria;1044;1009;52
Bosnia and Herzegovina;Austria;522;351;17
Netherlands;Austria;1044;1084;51
Slovakia;Austria;116;64;3
Portugal;Austria;812;899;40
Germany;Austria;1102;1110;47
Belgium;Austria;1102;1110;45
Iceland;Austria;1044;1084;43
Slovenia;Austria;1044;1076;42
Sweden;Austria;1102;1110;43
Spain;Austria;1102;1110;41
Finland;Austria;1044;1009;36
Denmark;Austria;1044;1009;35
France;Austria;1102;1110;38
United Kingdom;Austria;1102;1110;38
Lithuania;Austria;986;975;31
Norway;Austria;1044;1084;34
Hungary;Austria;870;940;29
Estonia;Austria;1102;1110;34
Latvia;Austria;1102;1110;32
Georgia;Austria;812;940;27
Israel;Austria;1102;1110;28
Ireland;Austria;1044;1084;27
Czech Republic;Austria;580;586;13
Romania;Austria;986;959;21
Italy;Austria;754;940;20
Australia;Austria;522;586;11
Greece;Austria;1044;1076;20
Croatia;Austria;986;820;15
Moldova;Austria;870;940;16
Armenia;Austria;754;940;15
Poland;Austria;870;1050;16
Belarus;Austria;928;949;14
Ukraine;Austria;812;1050;15
Russia;Austria;986;1017;14
Malta;Austria;1102;1110;15
Serbia;Austria;754;650;8
Cyprus;Austria;1044;820;7
Albania;Austria;928;949;7
Macedonia;Austria;1044;1009;5
Montenegro;Austria;754;876;3
Azerbaijan;Austria;754;940;1
San Marino;Austria;754;940;1
Andorra;Austria;174;9;0
Monaco;Austria;116;9;0
Serbia and Montenegro;Austria;116;9;0
Luxembourg;Austria;0;0;0
Morocco;Austria;0;0;0
Yugoslavia;Austria;0;0;0
Georgia;Azerbaijan;870;1503;108
Russia;Azerbaijan;812;1590;112
Turkey;Azerbaijan;290;855;60
Ukraine;Azerbaijan;754;1359;88
Czech Republic;Azerbaijan;638;927;60
Moldova;Azerbaijan;928;1710;95
Malta;Azerbaijan;928;1710;73
Belarus;Azerbaijan;928;1710;71
Bulgaria;Azerbaijan;696;1326;51
Hungary;Azerbaijan;870;1565;59
Lithuania;Azerbaijan;928;1710;61
Bosnia and Herzegovina;Azerbaijan;406;972;34
Montenegro;Azerbaijan;812;1344;46
Greece;Azerbaijan;928;1710;53
San Marino;Azerbaijan;812;1358;42
Israel;Azerbaijan;928;1710;52
Cyprus;Azerbaijan;870;1677;51
Romania;Azerbaijan;812;1593;45
Poland;Azerbaijan;812;1326;34
Slovakia;Azerbaijan;232;723;17
Albania;Azerbaijan;928;1710;36
Andorra;Azerbaijan;116;339;7
Portugal;Azerbaijan;754;1359;28
Austria;Azerbaijan;754;1226;25
Sweden;Azerbaijan;928;1710;29
Croatia;Azerbaijan;812;1628;27
Latvia;Azerbaijan;928;1710;28
Italy;Azerbaijan;754;1226;20
Belgium;Azerbaijan;928;1710;27
Netherlands;Azerbaijan;928;1710;25
Norway;Azerbaijan;928;1710;25
Iceland;Azerbaijan;928;1710;24
Spain;Azerbaijan;928;1710;24
Macedonia;Azerbaijan;928;1710;22
Estonia;Azerbaijan;928;1710;21
France;Azerbaijan;928;1710;21
Denmark;Azerbaijan;928;1710;19
Slovenia;Azerbaijan;928;1710;19
Serbia;Azerbaijan;870;1677;15
United Kingdom;Azerbaijan;928;1710;15
Ireland;Azerbaijan;928;1710;14
Finland;Azerbaijan;928;1710;9
Switzerland;Azerbaijan;928;1710;9
Australia;Azerbaijan;522;588;3
Germany;Azerbaijan;928;1710;5
Armenia;Azerbaijan;870;1560;1
Luxembourg;Azerbaijan;0;0;0
Monaco;Azerbaijan;0;0;0
Morocco;Azerbaijan;0;0;0
Serbia and Montenegro;Azerbaijan;0;0;0
Yugoslavia;Azerbaijan;0;0;0
Ukraine;Belarus;986;337;50
Russia;Belarus;1044;285;41
Azerbaijan;Belarus;928;223;32
Georgia;Belarus;928;368;31
Moldova;Belarus;1102;368;26
Armenia;Belarus;986;368;24
Israel;Belarus;1160;368;19
Latvia;Belarus;1160;368;16
Malta;Belarus;1160;368;14
Poland;Belarus;1044;320;11
Hungary;Belarus;986;350;12
Lithuania;Belarus;1160;368;12
Macedonia;Belarus;1160;368;12
Estonia;Belarus;1160;368;10
Bosnia and Herzegovina;Belarus;638;163;4
Greece;Belarus;1160;368;9
Austria;Belarus;928;350;7
Montenegro;Belarus;870;350;7
Czech Republic;Belarus;696;259;5
Cyprus;Belarus;1102;325;6
Croatia;Belarus;1044;325;5
Bulgaria;Belarus;870;294;4
Iceland;Belarus;1160;368;4
Serbia;Belarus;928;325;2
Albania;Belarus;1160;368;2
Portugal;Belarus;986;320;1
United Kingdom;Belarus;1160;368;1
Romania;Belarus;1044;368;1
Slovakia;Belarus;232;18;0
Australia;Belarus;522;114;0
San Marino;Belarus;812;205;0
Italy;Belarus;754;205;0
Turkey;Belarus;522;163;0
Belgium;Belarus;1160;368;0
Denmark;Belarus;1160;368;0
Finland;Belarus;1160;368;0
France;Belarus;1160;368;0
Germany;Belarus;1160;368;0
Ireland;Belarus;1160;368;0
Netherlands;Belarus;1160;368;0
Norway;Belarus;1160;368;0
Slovenia;Belarus;1160;368;0
Spain;Belarus;1160;368;0
Sweden;Belarus;1160;368;0
Switzerland;Belarus;1160;368;0
Andorra;Belarus;348;145;0
Luxembourg;Belarus;0;0;0
Morocco;Belarus;0;0;0
Yugoslavia;Belarus;0;0;0
Monaco;Belarus;174;0;0
Serbia and Montenegro;Belarus;174;0;0
Andorra;Belgium;348;7;1
Slovakia;Belgium;232;143;10
Netherlands;Belgium;1276;1149;73
Denmark;Belgium;1276;1017;50
Turkey;Belgium;696;350;17
Ireland;Belgium;1276;1149;55
Poland;Belgium;1102;1076;49
Australia;Belgium;522;761;34
France;Belgium;1334;1182;50
Russia;Belgium;1218;819;33
Portugal;Belgium;1044;895;34
Latvia;Belgium;1334;1182;42
Germany;Belgium;1334;1182;41
Lithuania;Belgium;1218;1015;35
Iceland;Belgium;1276;1149;39
Switzerland;Belgium;1276;1017;32
Sweden;Belgium;1334;1182;35
Ukraine;Belgium;1044;930;27
Hungary;Belgium;986;832;24
Estonia;Belgium;1334;1182;34
Israel;Belgium;1334;1182;33
San Marino;Belgium;812;832;23
Norway;Belgium;1276;1149;30
Austria;Belgium;1102;1039;27
Finland;Belgium;1276;1017;26
Romania;Belgium;1218;1001;24
Slovenia;Belgium;1276;1180;27
Spain;Belgium;1334;1182;27
Greece;Belgium;1276;1180;26
Serbia;Belgium;928;975;20
United Kingdom;Belgium;1334;1182;23
Italy;Belgium;754;832;16
Bosnia and Herzegovina;Belgium;754;529;10
Bulgaria;Belgium;870;758;14
Belarus;Belgium;1160;982;18
Georgia;Belgium;928;975;16
Czech Republic;Belgium;696;761;12
Montenegro;Belgium;870;832;13
Macedonia;Belgium;1276;1017;15
Cyprus;Belgium;1276;1182;16
Armenia;Belgium;986;975;13
Malta;Belgium;1334;1182;15
Moldova;Belgium;1102;975;8
Albania;Belgium;1160;982;6
Croatia;Belgium;1218;965;5
Azerbaijan;Belgium;928;975;4
Monaco;Belgium;174;7;0
Serbia and Montenegro;Belgium;174;7;0
Luxembourg;Belgium;0;0;0
Morocco;Belgium;0;0;0
Yugoslavia;Belgium;0;0;0
Croatia;Bosnia and Herzegovina;812;1041;118
Austria;Bosnia and Herzegovina;522;516;58
Serbia;Bosnia and Herzegovina;464;553;61
Montenegro;Bosnia and Herzegovina;348;377;35
Turkey;Bosnia and Herzegovina;696;1041;93
Slovenia;Bosnia and Herzegovina;812;1041;90
Macedonia;Bosnia and Herzegovina;696;985;66
Sweden;Bosnia and Herzegovina;812;1041;64
Serbia and Montenegro;Bosnia and Herzegovina;174;399;22
Switzerland;Bosnia and Herzegovina;696;985;54
Albania;Bosnia and Herzegovina;638;952;48
Norway;Bosnia and Herzegovina;754;1008;45
Netherlands;Bosnia and Herzegovina;754;1008;42
Monaco;Bosnia and Herzegovina;174;399;16
Denmark;Bosnia and Herzegovina;754;1014;38
Slovakia;Bosnia and Herzegovina;232;337;10
Germany;Bosnia and Herzegovina;812;1041;24
Finland;Bosnia and Herzegovina;696;985;22
Italy;Bosnia and Herzegovina;232;180;4
France;Bosnia and Herzegovina;812;1041;19
Czech Republic;Bosnia and Herzegovina;290;322;5
Bulgaria;Bosnia and Herzegovina;580;861;13
Azerbaijan;Bosnia and Herzegovina;406;447;5
Ukraine;Bosnia and Herzegovina;696;979;10
Greece;Bosnia and Herzegovina;812;1041;9
Armenia;Bosnia and Herzegovina;464;727;6
Romania;Bosnia and Herzegovina;638;1012;7
Belgium;Bosnia and Herzegovina;754;1012;6
Moldova;Bosnia and Herzegovina;580;861;5
Russia;Bosnia and Herzegovina;812;1041;6
Iceland;Bosnia and Herzegovina;754;1008;5
Ireland;Bosnia and Herzegovina;754;1008;5
Belarus;Bosnia and Herzegovina;638;952;4
Poland;Bosnia and Herzegovina;696;953;4
Lithuania;Bosnia and Herzegovina;754;1014;4
Malta;Bosnia and Herzegovina;812;1041;4
Spain;Bosnia and Herzegovina;812;1041;4
United Kingdom;Bosnia and Herzegovina;812;1041;4
Portugal;Bosnia and Herzegovina;638;1008;2
Cyprus;Bosnia and Herzegovina;754;1012;2
Israel;Bosnia and Herzegovina;812;1041;2
San Marino;Bosnia and Herzegovina;290;290;0
Georgia;Bosnia and Herzegovina;406;447;0
Hungary;Bosnia and Herzegovina;464;581;0
Estonia;Bosnia and Herzegovina;812;1041;0
Latvia;Bosnia and Herzegovina;812;1041;0
Andorra;Bosnia and Herzegovina;348;721;0
Luxembourg;Bosnia and Herzegovina;0;0;0
Morocco;Bosnia and Herzegovina;0;0;0
Yugoslavia;Bosnia and Herzegovina;0;0;0
Australia;Bosnia and Herzegovina;116;0;0
Macedonia;Bulgaria;870;1245;59
Malta;Bulgaria;870;1245;52
Cyprus;Bulgaria;870;1245;51
United Kingdom;Bulgaria;870;1245;51
Turkey;Bulgaria;464;157;6
Albania;Bulgaria;870;1245;46
Spain;Bulgaria;870;1245;43
Azerbaijan;Bulgaria;696;1088;36
Ireland;Bulgaria;870;1245;41
Romania;Bulgaria;754;938;28
Greece;Bulgaria;870;1245;36
Hungary;Bulgaria;754;1245;36
Serbia;Bulgaria;754;1245;36
Australia;Bulgaria;348;1088;31
Moldova;Bulgaria;870;1245;34
Slovenia;Bulgaria;870;1245;34
Austria;Bulgaria;638;1245;34
Belgium;Bulgaria;870;1245;33
Croatia;Bulgaria;870;1245;33
Norway;Bulgaria;870;1245;33
Finland;Bulgaria;870;1245;32
Israel;Bulgaria;870;1245;32
Czech Republic;Bulgaria;522;1245;31
Belarus;Bulgaria;870;1245;30
Bosnia and Herzegovina;Bulgaria;580;464;11
France;Bulgaria;870;1245;29
Portugal;Bulgaria;696;938;21
Estonia;Bulgaria;870;1245;27
Sweden;Bulgaria;870;1245;24
Montenegro;Bulgaria;638;1245;24
Poland;Bulgaria;754;1245;22
Georgia;Bulgaria;696;1245;22
Denmark;Bulgaria;870;1245;21
Germany;Bulgaria;870;1245;21
San Marino;Bulgaria;580;1088;17
Italy;Bulgaria;522;1088;17
Latvia;Bulgaria;870;1245;19
Netherlands;Bulgaria;870;1245;19
Armenia;Bulgaria;754;1245;18
Switzerland;Bulgaria;870;1245;17
Lithuania;Bulgaria;870;1245;16
Iceland;Bulgaria;870;1245;10
Ukraine;Bulgaria;870;1245;8
Russia;Bulgaria;754;630;4
Andorra;Bulgaria;290;157;0
Luxembourg;Bulgaria;0;0;0
Morocco;Bulgaria;0;0;0
Yugoslavia;Bulgaria;0;0;0
Slovakia;Bulgaria;232;0;0
Monaco;Bulgaria;116;0;0
Serbia and Montenegro;Bulgaria;116;0;0
Bosnia and Herzegovina;Croatia;812;498;85
Slovenia;Croatia;1218;626;86
Montenegro;Croatia;754;290;33
Serbia and Montenegro;Croatia;174;221;25
Macedonia;Croatia;1160;625;65
Austria;Croatia;986;509;38
Switzerland;Croatia;1160;625;39
Serbia;Croatia;870;290;17
Monaco;Croatia;174;221;11
Turkey;Croatia;754;495;23
Germany;Croatia;1276;696;30
Ukraine;Croatia;986;540;23
Romania;Croatia;1102;581;20
Russia;Croatia;1160;568;17
Italy;Croatia;638;201;6
Hungary;Croatia;870;405;12
Czech Republic;Croatia;638;290;8
Malta;Croatia;1276;696;19
Greece;Croatia;1218;626;15
Azerbaijan;Croatia;812;290;6
Albania;Croatia;1044;511;9
Latvia;Croatia;1276;696;12
Iceland;Croatia;1218;652;9
Ireland;Croatia;1218;652;9
Finland;Croatia;1160;625;8
Georgia;Croatia;812;245;3
San Marino;Croatia;696;245;3
France;Croatia;1276;696;8
Cyprus;Croatia;1218;654;7
Lithuania;Croatia;1160;597;6
Australia;Croatia;464;201;2
Belarus;Croatia;1044;511;5
United Kingdom;Croatia;1276;696;6
Netherlands;Croatia;1218;652;5
Moldova;Croatia;986;461;3
Bulgaria;Croatia;870;461;3
Portugal;Croatia;986;509;3
Armenia;Croatia;870;346;2
Poland;Croatia;1044;582;3
Norway;Croatia;1218;652;3
Israel;Croatia;1276;696;3
Estonia;Croatia;1276;696;2
Spain;Croatia;1276;696;2
Sweden;Croatia;1276;696;2
Slovakia;Croatia;232;45;0
Belgium;Croatia;1218;654;0
Denmark;Croatia;1218;667;0
Andorra;Croatia;348;310;0
Luxembourg;Croatia;0;0;0
Morocco;Croatia;0;0;0
Yugoslavia;Croatia;0;0;0
Greece;Cyprus;1218;1128;174
Armenia;Cyprus;928;747;50
Malta;Cyprus;1276;1136;67
Bulgaria;Cyprus;870;738;39
Georgia;Cyprus;870;812;34
Sweden;Cyprus;1276;1136;47
Russia;Cyprus;1160;1068;44
Albania;Cyprus;1102;1028;40
Spain;Cyprus;1276;1136;39
San Marino;Cyprus;754;785;24
Belarus;Cyprus;1102;1028;31
United Kingdom;Cyprus;1276;1136;34
Croatia;Cyprus;1218;1125;30
Estonia;Cyprus;1276;1136;30
Serbia;Cyprus;928;812;21
Ireland;Cyprus;1218;1051;27
Italy;Cyprus;696;785;20
Romania;Cyprus;1160;1040;26
Azerbaijan;Cyprus;870;812;19
Belgium;Cyprus;1276;1136;25
Slovakia;Cyprus;232;92;2
Finland;Cyprus;1218;1121;24
Macedonia;Cyprus;1218;1121;23
Iceland;Cyprus;1218;1051;21
Netherlands;Cyprus;1218;1051;20
Andorra;Cyprus;348;216;4
Serbia and Montenegro;Cyprus;174;216;4
Slovenia;Cyprus;1218;1128;20
Moldova;Cyprus;1044;858;15
Hungary;Cyprus;928;831;14
Montenegro;Cyprus;812;785;12
Lithuania;Cyprus;1160;1113;17
Germany;Cyprus;1276;1136;17
Poland;Cyprus;1044;978;13
Denmark;Cyprus;1218;1121;13
Latvia;Cyprus;1276;1136;13
Norway;Cyprus;1218;1051;12
Czech Republic;Cyprus;696;720;8
Switzerland;Cyprus;1218;1121;12
Australia;Cyprus;522;720;7
Portugal;Cyprus;986;947;9
Monaco;Cyprus;174;216;2
Ukraine;Cyprus;986;923;8
Israel;Cyprus;1276;1136;9
France;Cyprus;1276;1136;8
Austria;Cyprus;1044;1109;7
Turkey;Cyprus;696;416;1
Bosnia and Herzegovina;Cyprus;754;504;0
Luxembourg;Cyprus;0;0;0
Morocco;Cyprus;0;0;0
Yugoslavia;Cyprus;0;0;0
Bosnia and Herzegovina;Czech Republic;290;41;6
Croatia;Czech Republic;638;479;26
Iceland;Czech Republic;696;479;24
Slovenia;Czech Republic;696;479;23
Hungary;Czech Republic;696;479;22
Austria;Czech Republic;580;479;22
Ukraine;Czech Republic;522;322;14
Spain;Czech Republic;696;479;20
Armenia;Czech Republic;696;479;18
Bulgaria;Czech Republic;522;322;11
Moldova;Czech Republic;696;479;16
Norway;Czech Republic;696;479;16
Lithuania;Czech Republic;696;479;15
Belgium;Czech Republic;696;479;14
Cyprus;Czech Republic;696;479;13
Estonia;Czech Republic;696;479;13
Israel;Czech Republic;696;479;13
Romania;Czech Republic;580;438;11
Finland;Czech Republic;696;479;12
Georgia;Czech Republic;638;479;12
Belarus;Czech Republic;696;479;11
Australia;Czech Republic;522;479;11
Portugal;Czech Republic;580;438;10
Netherlands;Czech Republic;696;479;10
San Marino;Czech Republic;580;479;10
Ireland;Czech Republic;696;479;9
Macedonia;Czech Republic;696;479;9
Poland;Czech Republic;696;479;9
Serbia;Czech Republic;696;479;9
Germany;Czech Republic;696;479;8
Malta;Czech Republic;696;479;8
France;Czech Republic;696;479;7
Greece;Czech Republic;696;479;7
Latvia;Czech Republic;696;479;7
Sweden;Czech Republic;696;479;7
Denmark;Czech Republic;696;479;6
United Kingdom;Czech Republic;696;479;6
Azerbaijan;Czech Republic;638;479;6
Italy;Czech Republic;522;479;4
Russia;Czech Republic;580;479;2
Albania;Czech Republic;696;479;1
Montenegro;Czech Republic;696;479;1
Switzerland;Czech Republic;696;479;0
Luxembourg;Czech Republic;0;0;0
Monaco;Czech Republic;0;0;0
Morocco;Czech Republic;0;0;0
Serbia and Montenegro;Czech Republic;0;0;0
Yugoslavia;Czech Republic;0;0;0
Andorra;Czech Republic;174;0;0
Turkey;Czech Republic;174;0;0
Slovakia;Czech Republic;58;0;0
Iceland;Denmark;1276;1739;126
Norway;Denmark;1276;1739;112
Sweden;Denmark;1334;1746;105
Monaco;Denmark;174;151;10
Netherlands;Denmark;1276;1739;81
Hungary;Denmark;986;1192;56
Italy;Denmark;754;933;42
Australia;Denmark;522;423;23
Slovenia;Denmark;1276;1551;70
Ireland;Denmark;1276;1739;74
Estonia;Denmark;1334;1746;75
United Kingdom;Denmark;1334;1746;72
Latvia;Denmark;1334;1746;70
Poland;Denmark;1102;1242;51
Slovakia;Denmark;232;378;13
Germany;Denmark;1334;1746;67
Finland;Denmark;1276;1569;52
Israel;Denmark;1334;1746;55
Malta;Denmark;1334;1746;49
Andorra;Denmark;348;285;8
Czech Republic;Denmark;696;557;15
Luxembourg;Denmark;0;0;0
Morocco;Denmark;0;0;0
Yugoslavia;Denmark;0;0;0
France;Denmark;1334;1746;45
Belgium;Denmark;1276;1569;38
Spain;Denmark;1334;1746;42
Romania;Denmark;1160;1569;36
Montenegro;Denmark;870;933;19
Portugal;Denmark;1044;1263;26
Lithuania;Denmark;1276;1551;31
Serbia;Denmark;928;1142;19
Ukraine;Denmark;986;1247;21
Georgia;Denmark;928;1142;17
Croatia;Denmark;1218;1672;29
Austria;Denmark;1044;1260;20
San Marino;Denmark;812;993;13
Cyprus;Denmark;1218;1495;20
Macedonia;Denmark;1276;1569;21
Belarus;Denmark;1160;1367;15
Russia;Denmark;1218;1669;24
Switzerland;Denmark;1276;1569;19
Moldova;Denmark;1102;1367;15
Armenia;Denmark;986;1221;10
Greece;Denmark;1276;1551;13
Azerbaijan;Denmark;928;1216;9
Bulgaria;Denmark;870;1173;9
Serbia and Montenegro;Denmark;174;151;0
Albania;Denmark;1160;1367;3
Bosnia and Herzegovina;Denmark;754;773;0
Turkey;Denmark;696;968;6
Latvia;Estonia;1392;1160;105
Finland;Estonia;1276;948;83
Slovakia;Estonia;232;293;22
Lithuania;Estonia;1276;1048;71
Ireland;Estonia;1334;1049;54
Sweden;Estonia;1392;1160;54
Iceland;Estonia;1334;1049;47
Denmark;Estonia;1334;1146;50
Moldova;Estonia;1102;739;28
Russia;Estonia;1276;1160;41
Israel;Estonia;1392;1160;38
Netherlands;Estonia;1334;1049;34
United Kingdom;Estonia;1392;1160;36
Turkey;Estonia;754;714;22
Georgia;Estonia;928;610;18
Portugal;Estonia;1102;932;27
Italy;Estonia;754;610;17
Poland;Estonia;1160;812;22
Norway;Estonia;1334;1049;28
Australia;Estonia;522;427;11
Germany;Estonia;1392;1160;28
Bosnia and Herzegovina;Estonia;812;616;14
Greece;Estonia;1334;1062;24
Slovenia;Estonia;1334;1062;24
France;Estonia;1392;1160;25
Macedonia;Estonia;1276;948;20
Malta;Estonia;1392;1160;24
Belarus;Estonia;1160;739;15
Ukraine;Estonia;1044;571;11
Croatia;Estonia;1276;1054;20
Hungary;Estonia;986;739;13
Spain;Estonia;1392;1160;20
Austria;Estonia;1102;833;14
Cyprus;Estonia;1276;962;16
Serbia;Estonia;928;739;11
Azerbaijan;Estonia;928;739;11
Czech Republic;Estonia;696;556;7
Romania;Estonia;1218;962;12
Albania;Estonia;1160;739;8
Switzerland;Estonia;1276;948;10
Belgium;Estonia;1334;962;10
Montenegro;Estonia;870;695;6
San Marino;Estonia;812;610;5
Bulgaria;Estonia;870;557;2
Armenia;Estonia;986;619;2
Andorra;Estonia;348;129;0
Luxembourg;Estonia;0;0;0
Morocco;Estonia;0;0;0
Yugoslavia;Estonia;0;0;0
Monaco;Estonia;174;0;0
Serbia and Montenegro;Estonia;174;0;0
Estonia;Finland;1276;632;69
Sweden;Finland;1276;632;69
Iceland;Finland;1218;608;57
Australia;Finland;522;46;4
Norway;Finland;1218;608;39
Andorra;Finland;348;402;21
Denmark;Finland;1276;632;30
Poland;Finland;1044;577;22
United Kingdom;Finland;1276;632;22
Italy;Finland;754;188;6
Germany;Finland;1276;632;18
Switzerland;Finland;1276;632;18
San Marino;Finland;812;223;6
Israel;Finland;1276;632;17
Lithuania;Finland;1218;614;16
Serbia and Montenegro;Finland;174;292;7
Netherlands;Finland;1218;608;14
Ireland;Finland;1218;608;13
Bosnia and Herzegovina;Finland;696;483;10
Hungary;Finland;986;298;6
Greece;Finland;1218;614;12
Czech Republic;Finland;696;156;3
Latvia;Finland;1276;632;12
Macedonia;Finland;1276;632;12
Croatia;Finland;1160;560;10
Belgium;Finland;1276;632;11
France;Finland;1276;632;11
Malta;Finland;1276;632;10
Spain;Finland;1276;632;10
Bulgaria;Finland;870;518;8
Austria;Finland;1044;283;4
Turkey;Finland;638;501;7
Belarus;Finland;1160;590;8
Slovenia;Finland;1218;614;8
Romania;Finland;1160;632;8
Russia;Finland;1160;632;8
Cyprus;Finland;1218;560;7
Ukraine;Finland;986;590;7
Portugal;Finland;986;577;6
Moldova;Finland;1102;590;6
Serbia;Finland;928;226;0
Azerbaijan;Finland;928;245;0
Montenegro;Finland;870;241;0
Georgia;Finland;928;276;0
Slovakia;Finland;232;79;0
Albania;Finland;1160;590;0
Armenia;Finland;986;590;0
Monaco;Finland;174;292;0
Luxembourg;Finland;0;0;0
Morocco;Finland;0;0;0
Yugoslavia;Finland;0;0;0
Monaco;France;174;56;15
Andorra;France;348;229;26
Armenia;France;986;1032;73
Belgium;France;1334;1232;82
Bosnia and Herzegovina;France;812;936;54
Israel;France;1392;1374;64
Spain;France;1392;1374;64
Portugal;France;1102;994;42
Greece;France;1334;1369;53
Iceland;France;1334;1270;49
Australia;France;522;674;26
Ukraine;France;1044;1014;38
Albania;France;1160;1104;41
Finland;France;1276;1213;45
Lithuania;France;1276;1350;48
Russia;France;1276;1239;44
Cyprus;France;1276;1230;40
Italy;France;754;793;25
Switzerland;France;1276;1213;34
Croatia;France;1276;1368;37
Sweden;France;1392;1374;37
Latvia;France;1392;1374;31
Denmark;France;1334;1355;29
Estonia;France;1392;1374;29
United Kingdom;France;1392;1374;29
Netherlands;France;1334;1270;25
Poland;France;1160;1230;24
Georgia;France;928;941;18
Ireland;France;1334;1270;23
Bulgaria;France;870;953;17
Slovenia;France;1334;1369;24
Norway;France;1334;1270;22
Malta;France;1392;1374;23
Germany;France;1392;1374;22
Romania;France;1218;975;15
Austria;France;1102;991;15
San Marino;France;812;840;12
Montenegro;France;870;884;12
Moldova;France;1102;1064;13
Macedonia;France;1276;1213;13
Belarus;France;1160;1104;11
Serbia;France;928;1046;10
Azerbaijan;France;928;1029;9
Czech Republic;France;696;847;7
Hungary;France;986;977;3
Turkey;France;754;684;1
Serbia and Montenegro;France;174;56;0
Slovakia;France;232;292;0
Luxembourg;France;0;0;0
Morocco;France;0;0;0
Yugoslavia;France;0;0;0
Armenia;Georgia;870;631;75
Lithuania;Georgia;928;631;69
Ukraine;Georgia;754;580;51
Azerbaijan;Georgia;870;534;43
Russia;Georgia;812;631;45
Belarus;Georgia;928;631;34
Turkey;Georgia;290;426;22
Greece;Georgia;928;631;32
Moldova;Georgia;928;631;27
Poland;Georgia;812;581;24
Estonia;Georgia;928;631;22
San Marino;Georgia;812;398;13
Belgium;Georgia;928;631;18
Czech Republic;Georgia;638;335;9
Latvia;Georgia;928;631;16
Israel;Georgia;928;631;15
Cyprus;Georgia;870;631;13
Hungary;Georgia;870;495;10
Italy;Georgia;754;315;6
United Kingdom;Georgia;928;631;12
Bulgaria;Georgia;696;580;10
Croatia;Georgia;812;580;9
Germany;Georgia;928;631;8
Finland;Georgia;928;631;7
Ireland;Georgia;928;631;6
Sweden;Georgia;928;631;6
Bosnia and Herzegovina;Georgia;406;530;5
Macedonia;Georgia;928;631;5
Malta;Georgia;928;631;5
Australia;Georgia;522;155;1
Montenegro;Georgia;812;385;2
Slovenia;Georgia;928;631;3
Iceland;Georgia;928;631;2
Netherlands;Georgia;928;631;2
Portugal;Georgia;754;477;1
Norway;Georgia;928;631;1
Spain;Georgia;928;631;1
Switzerland;Georgia;928;631;1
Austria;Georgia;812;412;0
Romania;Georgia;812;527;0
Albania;Georgia;928;631;0
Denmark;Georgia;928;631;0
France;Georgia;928;631;0
Serbia;Georgia;870;631;0
Slovakia;Georgia;174;246;0
Andorra;Georgia;116;180;0
Luxembourg;Georgia;0;0;0
Monaco;Georgia;0;0;0
Morocco;Georgia;0;0;0
Serbia and Montenegro;Georgia;0;0;0
Yugoslavia;Georgia;0;0;0
Switzerland;Germany;1276;1245;108
Austria;Germany;1102;967;69
Monaco;Germany;174;133;9
Denmark;Germany;1334;1311;83
Spain;Germany;1392;1364;84
Ireland;Germany;1334;1347;62
Netherlands;Germany;1334;1347;62
Albania;Germany;1160;1132;49
Italy;Germany;754;655;27
Poland;Germany;1160;1123;45
Australia;Germany;522;381;15
Norway;Germany;1334;1347;52
France;Germany;1392;1364;47
Latvia;Germany;1392;1364;44
Portugal;Germany;1102;1222;38
United Kingdom;Germany;1392;1364;41
Iceland;Germany;1334;1347;39
Estonia;Germany;1392;1364;37
Turkey;Germany;754;926;25
Sweden;Germany;1392;1364;35
Slovakia;Germany;232;498;12
Belgium;Germany;1334;1298;31
Lithuania;Germany;1276;1215;28
Russia;Germany;1276;1358;31
Slovenia;Germany;1334;1268;28
Andorra;Germany;348;231;5
Bulgaria;Germany;870;976;21
San Marino;Germany;812;669;14
Bosnia and Herzegovina;Germany;812;841;16
Serbia;Germany;928;960;18
Malta;Germany;1392;1364;22
Georgia;Germany;928;964;15
Romania;Germany;1218;1287;19
Hungary;Germany;986;757;11
Finland;Germany;1276;1245;17
Croatia;Germany;1276;1325;17
Armenia;Germany;986;925;11
Moldova;Germany;1102;1039;10
Israel;Germany;1392;1364;13
Macedonia;Germany;1276;1245;11
Ukraine;Germany;1044;1161;10
Greece;Germany;1334;1268;9
Belarus;Germany;1160;1132;8
Azerbaijan;Germany;928;950;6
Czech Republic;Germany;696;479;3
Cyprus;Germany;1276;1259;7
Montenegro;Germany;870;646;0
Serbia and Montenegro;Germany;174;133;0
Luxembourg;Germany;0;0;0
Morocco;Germany;0;0;0
Yugoslavia;Germany;0;0;0
Cyprus;Greece;1218;1789;200
Albania;Greece;1160;1772;129
Bulgaria;Greece;870;1388;92
San Marino;Greece;812;763;50
Armenia;Greece;986;1226;75
Romania;Greece;1160;1824;101
Germany;Greece;1334;1971;93
United Kingdom;Greece;1334;1971;87
Belgium;Greece;1276;1824;78
Serbia and Montenegro;Greece;174;610;25
Azerbaijan;Greece;928;1023;38
Russia;Greece;1218;1894;67
Turkey;Greece;696;1610;52
Hungary;Greece;986;1252;40
Serbia;Greece;928;1127;35
Montenegro;Greece;870;902;28
Malta;Greece;1334;1971;58
Bosnia and Herzegovina;Greece;812;1610;42
Netherlands;Greece;1276;1944;43
Italy;Greece;754;545;12
Switzerland;Greece;1218;1799;37
Spain;Greece;1334;1971;40
Israel;Greece;1334;1971;39
Sweden;Greece;1334;1971;39
Andorra;Greece;348;1087;21
Moldova;Greece;1102;1520;29
Macedonia;Greece;1218;1799;34
Belarus;Greece;1160;1772;33
Croatia;Greece;1218;1913;35
Georgia;Greece;928;1042;19
Monaco;Greece;174;610;10
France;Greece;1334;1971;32
Iceland;Greece;1276;1944;29
Slovenia;Greece;1334;1971;26
Ukraine;Greece;1044;1700;21
Czech Republic;Greece;696;651;8
Portugal;Greece;1102;1792;21
Poland;Greece;1160;1728;20
Slovakia;Greece;232;444;5
Austria;Greece;1044;1218;13
Denmark;Greece;1276;1946;20
Finland;Greece;1218;1799;18
Norway;Greece;1276;1944;19
Lithuania;Greece;1276;1946;19
Ireland;Greece;1276;1944;17
Estonia;Greece;1334;1971;12
Latvia;Greece;1334;1971;10
Australia;Greece;522;174;0
Luxembourg;Greece;0;0;0
Morocco;Greece;0;0;0
Yugoslavia;Greece;0;0;0
Slovakia;Hungary;174;72;8
Serbia;Hungary;870;704;68
Romania;Hungary;870;836;64
Serbia and Montenegro;Hungary;58;97;6
Croatia;Hungary;870;782;46
Andorra;Hungary;232;225;12
Finland;Hungary;986;944;49
Azerbaijan;Hungary;870;719;36
Montenegro;Hungary;870;794;32
Estonia;Hungary;986;944;38
Poland;Hungary;870;841;33
San Marino;Hungary;812;719;24
Iceland;Hungary;986;944;31
Czech Republic;Hungary;696;548;16
Sweden;Hungary;986;944;27
Bulgaria;Hungary;754;782;22
Germany;Hungary;986;944;26
Ukraine;Hungary;812;925;24
Albania;Hungary;986;944;24
Austria;Hungary;870;944;24
Netherlands;Hungary;986;944;23
Spain;Hungary;986;944;23
Cyprus;Hungary;928;801;19
Turkey;Hungary;348;297;7
Switzerland;Hungary;986;944;22
Greece;Hungary;986;944;21
Belarus;Hungary;986;944;20
Israel;Hungary;986;944;19
Slovenia;Hungary;986;944;16
Portugal;Hungary;812;752;12
Belgium;Hungary;986;944;15
Lithuania;Hungary;986;944;15
Denmark;Hungary;986;944;14
Macedonia;Hungary;986;944;14
Norway;Hungary;986;944;14
Russia;Hungary;870;744;10
Italy;Hungary;754;719;9
Latvia;Hungary;986;944;11
Malta;Hungary;986;944;11
France;Hungary;986;944;8
Ireland;Hungary;986;944;8
Moldova;Hungary;986;944;8
Georgia;Hungary;870;847;7
Bosnia and Herzegovina;Hungary;464;405;2
Armenia;Hungary;870;828;3
United Kingdom;Hungary;986;944;3
Australia;Hungary;522;420;0
Monaco;Hungary;58;97;0
Luxembourg;Hungary;0;0;0
Morocco;Hungary;0;0;0
Yugoslavia;Hungary;0;0;0
Monaco;Iceland;174;16;5
Norway;Iceland;1334;912;84
Australia;Iceland;522;232;18
Denmark;Iceland;1276;831;63
Finland;Iceland;1218;828;56
Hungary;Iceland;986;726;48
Sweden;Iceland;1334;912;52
Italy;Iceland;754;444;19
Malta;Iceland;1334;912;37
Estonia;Iceland;1334;912;36
United Kingdom;Iceland;1334;912;32
San Marino;Iceland;812;508;16
Germany;Iceland;1334;912;27
Latvia;Iceland;1334;912;27
Netherlands;Iceland;1334;912;26
Slovenia;Iceland;1276;867;24
Ireland;Iceland;1334;912;25
Slovakia;Iceland;232;366;10
Andorra;Iceland;348;298;8
Portugal;Iceland;1102;820;22
Belgium;Iceland;1276;909;24
Lithuania;Iceland;1218;786;20
Switzerland;Iceland;1218;828;20
Czech Republic;Iceland;696;514;12
Poland;Iceland;1160;774;17
Israel;Iceland;1334;912;19
Turkey;Iceland;696;575;10
Romania;Iceland;1160;909;15
Russia;Iceland;1218;912;15
France;Iceland;1334;912;14
Spain;Iceland;1334;912;14
Belarus;Iceland;1160;783;11
Austria;Iceland;1044;586;8
Cyprus;Iceland;1218;851;11
Croatia;Iceland;1218;854;11
Armenia;Iceland;986;721;8
Montenegro;Iceland;870;665;7
Bulgaria;Iceland;870;477;5
Greece;Iceland;1276;867;9
Albania;Iceland;1160;783;6
Serbia;Iceland;928;709;5
Ukraine;Iceland;1044;632;4
Georgia;Iceland;928;549;3
Moldova;Iceland;1102;767;4
Macedonia;Iceland;1218;828;4
Bosnia and Herzegovina;Iceland;754;530;1
Serbia and Montenegro;Iceland;174;16;0
Azerbaijan;Iceland;928;767;0
Luxembourg;Iceland;0;0;0
Morocco;Iceland;0;0;0
Yugoslavia;Iceland;0;0;0
United Kingdom;Ireland;1334;587;85
Monaco;Ireland;174;100;10
Czech Republic;Ireland;696;141;14
Australia;Ireland;522;136;12
Denmark;Ireland;1276;534;30
Sweden;Ireland;1334;587;32
Germany;Ireland;1334;587;29
Malta;Ireland;1334;587;27
Portugal;Ireland;1102;490;22
Switzerland;Ireland;1218;528;23
Slovakia;Ireland;232;190;8
Finland;Ireland;1218;528;22
Andorra;Ireland;348;105;4
Latvia;Ireland;1334;587;21
Netherlands;Ireland;1334;587;21
Austria;Ireland;1044;463;16
Belgium;Ireland;1276;581;20
Norway;Ireland;1334;587;20
Croatia;Ireland;1218;587;18
Iceland;Ireland;1334;587;17
Cyprus;Ireland;1218;581;16
Albania;Ireland;1160;436;12
Spain;Ireland;1334;587;16
Turkey;Ireland;696;446;12
Lithuania;Ireland;1218;442;10
Poland;Ireland;1160;444;10
Estonia;Ireland;1334;587;12
Italy;Ireland;754;306;5
Israel;Ireland;1334;587;8
San Marino;Ireland;812;306;4
France;Ireland;1334;587;6
Hungary;Ireland;986;311;3
Bulgaria;Ireland;870;429;4
Romania;Ireland;1160;581;5
Armenia;Ireland;986;383;3
Ukraine;Ireland;1044;489;3
Slovenia;Ireland;1276;495;3
Bosnia and Herzegovina;Ireland;754;354;2
Azerbaijan;Ireland;928;331;1
Belarus;Ireland;1160;436;1
Montenegro;Ireland;870;192;0
Serbia;Ireland;928;336;0
Georgia;Ireland;928;336;0
Moldova;Ireland;1102;429;0
Greece;Ireland;1276;495;0
Macedonia;Ireland;1218;528;0
Russia;Ireland;1218;587;0
Serbia and Montenegro;Ireland;174;100;0
Luxembourg;Ireland;0;0;0
Morocco;Ireland;0;0;0
Yugoslavia;Ireland;0;0;0
Slovakia;Israel;232;124;13
France;Israel;1392;1327;113
Monaco;Israel;174;158;12
Andorra;Israel;348;335;15
Finland;Israel;1276;1285;57
Azerbaijan;Israel;928;1083;46
Ukraine;Israel;1044;1126;44
San Marino;Israel;812;959;37
Netherlands;Israel;1334;1290;47
Australia;Israel;522;835;30
Moldova;Israel;1102;1241;42
Bosnia and Herzegovina;Israel;812;620;20
Germany;Israel;1392;1327;41
United Kingdom;Israel;1392;1327;40
Belgium;Israel;1334;1302;39
Italy;Israel;754;835;25
Georgia;Israel;928;1030;30
Russia;Israel;1276;1288;37
Czech Republic;Israel;696;1012;29
Serbia;Israel;928;1083;30
Romania;Israel;1218;1167;32
Malta;Israel;1392;1327;35
Belarus;Israel;1160;1241;31
Norway;Israel;1334;1290;32
Bulgaria;Israel;870;1109;26
Spain;Israel;1392;1327;31
Hungary;Israel;986;1166;27
Cyprus;Israel;1276;1302;30
Armenia;Israel;986;1087;24
Austria;Israel;1102;1050;22
Turkey;Israel;754;492;10
Croatia;Israel;1276;1230;25
Poland;Israel;1160;1283;26
Albania;Israel;1160;1241;25
Ireland;Israel;1334;1290;23
Sweden;Israel;1392;1327;22
Switzerland;Israel;1276;1285;21
Iceland;Israel;1334;1290;20
Lithuania;Israel;1276;1303;19
Montenegro;Israel;870;1012;13
Portugal;Israel;1102;1148;14
Greece;Israel;1334;1320;16
Latvia;Israel;1392;1327;16
Slovenia;Israel;1334;1320;12
Macedonia;Israel;1276;1285;11
Denmark;Israel;1334;1310;11
Estonia;Israel;1392;1327;6
Serbia and Montenegro;Israel;174;158;0
Luxembourg;Israel;0;0;0
Morocco;Israel;0;0;0
Yugoslavia;Israel;0;0;0
Malta;Italy;754;1979;137
Albania;Italy;754;1979;132
Spain;Italy;754;1979;89
San Marino;Italy;754;1979;88
France;Italy;754;1979;81
Switzerland;Italy;754;1979;75
Cyprus;Italy;696;1946;73
Greece;Italy;754;1979;68
Montenegro;Italy;696;1790;61
Austria;Italy;754;1979;65
Croatia;Italy;638;1654;54
Slovenia;Italy;754;1979;63
Portugal;Italy;580;1729;55
Belgium;Italy;754;1979;61
Serbia;Italy;696;1946;58
Macedonia;Italy;754;1979;55
Israel;Italy;754;1979;49
Lithuania;Italy;754;1979;48
Germany;Italy;754;1979;46
Romania;Italy;638;1855;39
Finland;Italy;754;1979;40
Norway;Italy;754;1979;40
Armenia;Italy;696;1878;37
Netherlands;Italy;754;1979;38
Slovakia;Italy;116;290;5
Georgia;Italy;754;1979;34
Latvia;Italy;754;1979;34
Poland;Italy;638;1752;29
Hungary;Italy;754;1979;32
Azerbaijan;Italy;754;1979;31
Iceland;Italy;754;1979;30
Moldova;Italy;754;1979;29
Bosnia and Herzegovina;Italy;232;414;6
Estonia;Italy;754;1979;28
Sweden;Italy;754;1979;27
Czech Republic;Italy;522;1530;20
Ireland;Italy;754;1979;25
Russia;Italy;638;1645;20
Australia;Italy;522;1530;15
Belarus;Italy;754;1979;18
United Kingdom;Italy;754;1979;17
Ukraine;Italy;580;1215;9
Denmark;Italy;754;1979;12
Bulgaria;Italy;522;1182;6
Turkey;Italy;116;290;0
Andorra;Italy;0;0;0
Luxembourg;Italy;0;0;0
Monaco;Italy;0;0;0
Morocco;Italy;0;0;0
Serbia and Montenegro;Italy;0;0;0
Yugoslavia;Italy;0;0;0
Lithuania;Latvia;1276;830;91
Estonia;Latvia;1392;966;83
Ireland;Latvia;1334;790;66
United Kingdom;Latvia;1392;966;47
San Marino;Latvia;812;401;18
Monaco;Latvia;174;183;8
Norway;Latvia;1334;790;34
Georgia;Latvia;928;455;19
Ukraine;Latvia;1044;452;18
Poland;Latvia;1160;654;26
Slovenia;Latvia;1334;830;32
Andorra;Latvia;348;320;12
Germany;Latvia;1392;966;34
Belgium;Latvia;1334;950;32
Malta;Latvia;1392;966;32
Denmark;Latvia;1334;966;31
Finland;Latvia;1276;950;30
Portugal;Latvia;1102;522;16
Iceland;Latvia;1334;790;24
Israel;Latvia;1392;966;27
Sweden;Latvia;1392;966;26
Spain;Latvia;1392;966;25
Belarus;Latvia;1160;638;16
Russia;Latvia;1276;966;23
Moldova;Latvia;1102;638;15
Switzerland;Latvia;1276;950;22
Hungary;Latvia;986;608;14
Austria;Latvia;1102;837;19
Australia;Latvia;522;318;7
Czech Republic;Latvia;696;455;9
France;Latvia;1392;966;18
Croatia;Latvia;1276;780;14
Greece;Latvia;1334;830;14
Macedonia;Latvia;1276;950;13
Italy;Latvia;754;318;4
Azerbaijan;Latvia;928;401;5
Netherlands;Latvia;1334;790;9
Cyprus;Latvia;1276;950;9
Turkey;Latvia;754;648;6
Romania;Latvia;1218;818;7
Bosnia and Herzegovina;Latvia;812;644;5
Montenegro;Latvia;870;455;3
Armenia;Latvia;986;485;2
Serbia;Latvia;928;455;1
Bulgaria;Latvia;870;452;0
Albania;Latvia;1160;638;0
Serbia and Montenegro;Latvia;174;183;0
Luxembourg;Latvia;0;0;0
Morocco;Latvia;0;0;0
Yugoslavia;Latvia;0;0;0
Slovakia;Latvia;232;0;0
Latvia;Lithuania;1276;821;90
Ireland;Lithuania;1218;809;81
United Kingdom;Lithuania;1276;821;66
Georgia;Lithuania;928;589;47
Norway;Lithuania;1218;809;49
Estonia;Lithuania;1276;821;49
Belarus;Lithuania;1160;774;36
Monaco;Lithuania;174;162;7
Andorra;Lithuania;348;213;8
Russia;Lithuania;1160;821;29
Poland;Lithuania;1102;722;23
Ukraine;Lithuania;986;744;23
Australia;Lithuania;522;411;11
Croatia;Lithuania;1160;791;20
Serbia;Lithuania;928;612;15
Denmark;Lithuania;1276;821;20
Bulgaria;Lithuania;870;744;18
Netherlands;Lithuania;1218;809;19
Sweden;Lithuania;1276;821;19
Azerbaijan;Lithuania;928;584;13
Switzerland;Lithuania;1218;786;15
Iceland;Lithuania;1218;809;15
Serbia and Montenegro;Lithuania;174;162;3
Finland;Lithuania;1218;786;14
Portugal;Lithuania;1044;592;10
Cyprus;Lithuania;1160;786;13
San Marino;Lithuania;812;561;8
Italy;Lithuania;754;561;8
Moldova;Lithuania;1102;774;11
Hungary;Lithuania;986;612;8
Germany;Lithuania;1276;821;10
Malta;Lithuania;1276;821;10
Romania;Lithuania;1102;586;7
Israel;Lithuania;1276;821;8
Czech Republic;Lithuania;696;462;4
Slovenia;Lithuania;1276;821;5
Spain;Lithuania;1276;821;5
Montenegro;Lithuania;870;549;3
Albania;Lithuania;1160;774;4
Belgium;Lithuania;1218;786;4
Greece;Lithuania;1276;821;4
Macedonia;Lithuania;1218;786;3
France;Lithuania;1276;821;3
Bosnia and Herzegovina;Lithuania;754;593;2
Austria;Lithuania;986;601;1
Slovakia;Lithuania;232;156;0
Turkey;Lithuania;638;393;0
Armenia;Lithuania;986;704;0
Luxembourg;Lithuania;0;0;0
Morocco;Lithuania;0;0;0
Yugoslavia;Lithuania;0;0;0
Albania;Luxembourg;0;0;0
Andorra;Luxembourg;0;0;0
Armenia;Luxembourg;0;0;0
Australia;Luxembourg;0;0;0
Austria;Luxembourg;0;0;0
Azerbaijan;Luxembourg;0;0;0
Belarus;Luxembourg;0;0;0
Belgium;Luxembourg;0;0;0
Bosnia and Herzegovina;Luxembourg;0;0;0
Bulgaria;Luxembourg;0;0;0
Croatia;Luxembourg;0;0;0
Cyprus;Luxembourg;0;0;0
Czech Republic;Luxembourg;0;0;0
Denmark;Luxembourg;0;0;0
Estonia;Luxembourg;0;0;0
Finland;Luxembourg;0;0;0
France;Luxembourg;0;0;0
Georgia;Luxembourg;0;0;0
Germany;Luxembourg;0;0;0
Greece;Luxembourg;0;0;0
Hungary;Luxembourg;0;0;0
Iceland;Luxembourg;0;0;0
Ireland;Luxembourg;0;0;0
Israel;Luxembourg;0;0;0
Italy;Luxembourg;0;0;0
Latvia;Luxembourg;0;0;0
Lithuania;Luxembourg;0;0;0
Macedonia;Luxembourg;0;0;0
Malta;Luxembourg;0;0;0
Moldova;Luxembourg;0;0;0
Monaco;Luxembourg;0;0;0
Montenegro;Luxembourg;0;0;0
Morocco;Luxembourg;0;0;0
Netherlands;Luxembourg;0;0;0
Norway;Luxembourg;0;0;0
Poland;Luxembourg;0;0;0
Portugal;Luxembourg;0;0;0
Romania;Luxembourg;0;0;0
Russia;Luxembourg;0;0;0
San Marino;Luxembourg;0;0;0
Serbia;Luxembourg;0;0;0
Serbia and Montenegro;Luxembourg;0;0;0
Slovakia;Luxembourg;0;0;0
Slovenia;Luxembourg;0;0;0
Spain;Luxembourg;0;0;0
Sweden;Luxembourg;0;0;0
Switzerland;Luxembourg;0;0;0
Turkey;Luxembourg;0;0;0
Ukraine;Luxembourg;0;0;0
United Kingdom;Luxembourg;0;0;0
Yugoslavia;Luxembourg;0;0;0
Serbia and Montenegro;Macedonia;174;155;27
Bosnia and Herzegovina;Macedonia;696;324;43
Croatia;Macedonia;1160;658;68
Serbia;Macedonia;928;449;46
Bulgaria;Macedonia;870;252;25
Albania;Macedonia;1160;604;48
Slovenia;Macedonia;1218;629;48
Montenegro;Macedonia;870;449;31
Turkey;Macedonia;638;353;24
Romania;Macedonia;1160;658;29
Switzerland;Macedonia;1276;658;27
Armenia;Macedonia;986;434;17
Czech Republic;Macedonia;696;378;12
Azerbaijan;Macedonia;928;376;11
Italy;Macedonia;754;376;11
Australia;Macedonia;522;305;7
Austria;Macedonia;1044;602;13
Moldova;Macedonia;1102;557;12
Malta;Macedonia;1276;658;14
Ukraine;Macedonia;986;299;6
Hungary;Macedonia;986;501;10
Belarus;Macedonia;1160;604;12
United Kingdom;Macedonia;1276;658;12
Russia;Macedonia;1160;658;11
Norway;Macedonia;1218;633;10
Denmark;Macedonia;1276;658;10
Poland;Macedonia;1044;533;8
Slovakia;Macedonia;232;71;1
Iceland;Macedonia;1218;633;8
Finland;Macedonia;1276;658;8
Latvia;Macedonia;1276;658;8
France;Macedonia;1276;658;7
Germany;Macedonia;1276;658;7
Portugal;Macedonia;986;604;5
Ireland;Macedonia;1218;633;5
Cyprus;Macedonia;1218;658;5
Georgia;Macedonia;928;449;3
Monaco;Macedonia;174;155;1
Netherlands;Macedonia;1218;633;4
Sweden;Macedonia;1276;658;2
San Marino;Macedonia;812;376;1
Greece;Macedonia;1218;629;1
Lithuania;Macedonia;1218;629;0
Belgium;Macedonia;1276;658;0
Estonia;Macedonia;1276;658;0
Israel;Macedonia;1276;658;0
Spain;Macedonia;1276;658;0
Andorra;Macedonia;348;228;0
Luxembourg;Macedonia;0;0;0
Morocco;Macedonia;0;0;0
Yugoslavia;Macedonia;0;0;0
Azerbaijan;Malta;928;484;46
Armenia;Malta;986;444;29
United Kingdom;Malta;1392;1016;55
Italy;Malta;754;453;24
Serbia;Malta;928;452;23
Russia;Malta;1276;1016;46
Belarus;Malta;1160;727;32
San Marino;Malta;812;453;19
Denmark;Malta;1334;1012;42
Australia;Malta;522;260;10
Cyprus;Malta;1276;936;36
Macedonia;Malta;1276;964;36
Montenegro;Malta;870;484;18
Turkey;Malta;754;604;22
Ireland;Malta;1334;852;30
Hungary;Malta;986;676;23
Germany;Malta;1392;1016;34
Latvia;Malta;1392;1016;33
Ukraine;Malta;1044;624;20
Greece;Malta;1334;943;30
Netherlands;Malta;1334;852;27
Norway;Malta;1334;852;27
Czech Republic;Malta;696;291;9
Israel;Malta;1392;1016;31
Spain;Malta;1392;1016;29
Austria;Malta;1102;936;25
Estonia;Malta;1392;1016;27
Croatia;Malta;1276;984;26
Andorra;Malta;348;274;7
Sweden;Malta;1392;1016;25
Finland;Malta;1276;964;22
Romania;Malta;1218;815;17
Monaco;Malta;174;243;5
Lithuania;Malta;1276;939;18
Iceland;Malta;1334;852;16
France;Malta;1392;1016;19
Belgium;Malta;1334;968;16
Poland;Malta;1160;618;10
Albania;Malta;1160;727;11
Bulgaria;Malta;870;538;7
Slovenia;Malta;1334;943;12
Bosnia and Herzegovina;Malta;812;684;6
Switzerland;Malta;1276;964;7
Georgia;Malta;928;453;3
Moldova;Malta;1102;677;4
Portugal;Malta;1102;506;2
Slovakia;Malta;232;72;0
Serbia and Montenegro;Malta;174;243;0
Luxembourg;Malta;0;0;0
Morocco;Malta;0;0;0
Yugoslavia;Malta;0;0;0
Romania;Moldova;986;1207;133
Russia;Moldova;986;833;64
Portugal;Moldova;928;1136;76
Ukraine;Moldova;928;1207;71
Azerbaijan;Moldova;928;928;52
Italy;Moldova;754;832;46
Australia;Moldova;522;583;29
Belarus;Moldova;1102;1207;51
Turkey;Moldova;464;553;22
Greece;Moldova;1102;1207;44
Spain;Moldova;1102;1207;39
Armenia;Moldova;986;978;30
San Marino;Moldova;812;832;25
Serbia and Montenegro;Moldova;116;170;5
Israel;Moldova;1102;1207;33
Serbia;Moldova;928;1037;27
Bulgaria;Moldova;870;1207;31
United Kingdom;Moldova;1102;1207;26
Montenegro;Moldova;870;913;19
Latvia;Moldova;1102;1207;24
Lithuania;Moldova;1102;1207;24
Hungary;Moldova;986;1158;23
France;Moldova;1102;1207;23
Poland;Moldova;986;1055;20
Czech Republic;Moldova;696;761;14
Slovakia;Moldova;232;274;5
Ireland;Moldova;1102;1207;22
Macedonia;Moldova;1102;1207;22
Cyprus;Moldova;1044;1207;20
Denmark;Moldova;1102;1207;18
Sweden;Moldova;1102;1207;18
Croatia;Moldova;986;1207;17
Belgium;Moldova;1102;1207;16
Georgia;Moldova;928;968;12
Austria;Moldova;870;1089;13
Iceland;Moldova;1102;1207;14
Slovenia;Moldova;1102;1207;14
Andorra;Moldova;290;348;4
Germany;Moldova;1102;1207;12
Norway;Moldova;1102;1207;12
Estonia;Moldova;1102;1207;11
Finland;Moldova;1102;1207;10
Bosnia and Herzegovina;Moldova;580;553;4
Netherlands;Moldova;1102;1207;5
Malta;Moldova;1102;1207;3
Albania;Moldova;1102;1207;2
Switzerland;Moldova;1102;1207;2
Monaco;Moldova;116;170;0
Luxembourg;Moldova;0;0;0
Morocco;Moldova;0;0;0
Yugoslavia;Moldova;0;0;0
Australia;Monaco;0;0;0
Azerbaijan;Monaco;0;0;0
Czech Republic;Monaco;0;0;0
Georgia;Monaco;0;0;0
Italy;Monaco;0;0;0
Luxembourg;Monaco;0;0;0
Montenegro;Monaco;0;0;0
Morocco;Monaco;0;0;0
San Marino;Monaco;0;0;0
Serbia;Monaco;0;0;0
Slovakia;Monaco;0;0;0
Yugoslavia;Monaco;0;0;0
Albania;Monaco;174;0;0
Andorra;Monaco;174;0;0
Belarus;Monaco;174;0;0
Belgium;Monaco;174;0;0
Bosnia and Herzegovina;Monaco;174;0;0
Croatia;Monaco;174;0;0
Cyprus;Monaco;174;0;0
Denmark;Monaco;174;0;0
Estonia;Monaco;174;0;0
Finland;Monaco;174;0;0
France;Monaco;174;0;0
Germany;Monaco;174;0;0
Greece;Monaco;174;0;0
Iceland;Monaco;174;0;0
Ireland;Monaco;174;0;0
Israel;Monaco;174;0;0
Latvia;Monaco;174;0;0
Lithuania;Monaco;174;0;0
Macedonia;Monaco;174;0;0
Malta;Monaco;174;0;0
Netherlands;Monaco;174;0;0
Norway;Monaco;174;0;0
Poland;Monaco;174;0;0
Portugal;Monaco;174;0;0
Romania;Monaco;174;0;0
Russia;Monaco;174;0;0
Serbia and Montenegro;Monaco;174;0;0
Slovenia;Monaco;174;0;0
Spain;Monaco;174;0;0
Sweden;Monaco;174;0;0
Switzerland;Monaco;174;0;0
Turkey;Monaco;174;0;0
Ukraine;Monaco;174;0;0
United Kingdom;Monaco;174;0;0
Austria;Monaco;116;0;0
Bulgaria;Monaco;116;0;0
Moldova;Monaco;116;0;0
Armenia;Monaco;58;0;0
Hungary;Monaco;58;0;0
Serbia;Montenegro;812;44;12
Armenia;Montenegro;812;81;20
Slovenia;Montenegro;870;81;17
Macedonia;Montenegro;870;81;16
Albania;Montenegro;870;81;12
Sweden;Montenegro;870;81;2
Azerbaijan;Montenegro;812;81;2
Ukraine;Montenegro;696;37;0
Cyprus;Montenegro;812;44;0
Czech Republic;Montenegro;696;44;0
Australia;Montenegro;522;44;0
Belarus;Montenegro;870;81;0
Belgium;Montenegro;870;81;0
Denmark;Montenegro;870;81;0
Estonia;Montenegro;870;81;0
Finland;Montenegro;870;81;0
France;Montenegro;870;81;0
Germany;Montenegro;870;81;0
Greece;Montenegro;870;81;0
Hungary;Montenegro;870;81;0
Iceland;Montenegro;870;81;0
Ireland;Montenegro;870;81;0
Israel;Montenegro;870;81;0
Latvia;Montenegro;870;81;0
Lithuania;Montenegro;870;81;0
Malta;Montenegro;870;81;0
Moldova;Montenegro;870;81;0
Netherlands;Montenegro;870;81;0
Norway;Montenegro;870;81;0
Spain;Montenegro;870;81;0
Switzerland;Montenegro;870;81;0
United Kingdom;Montenegro;870;81;0
Georgia;Montenegro;812;81;0
Poland;Montenegro;754;81;0
Romania;Montenegro;754;81;0
Russia;Montenegro;754;81;0
San Marino;Montenegro;754;81;0
Austria;Montenegro;754;81;0
Portugal;Montenegro;696;81;0
Italy;Montenegro;696;81;0
Luxembourg;Montenegro;0;0;0
Monaco;Montenegro;0;0;0
Morocco;Montenegro;0;0;0
Serbia and Montenegro;Montenegro;0;0;0
Yugoslavia;Montenegro;0;0;0
Croatia;Montenegro;754;0;0
Bulgaria;Montenegro;638;0;0
Bosnia and Herzegovina;Montenegro;348;0;0
Turkey;Montenegro;232;0;0
Andorra;Montenegro;174;0;0
Slovakia;Montenegro;116;0;0
Albania;Morocco;0;0;0
Andorra;Morocco;0;0;0
Armenia;Morocco;0;0;0
Australia;Morocco;0;0;0
Austria;Morocco;0;0;0
Azerbaijan;Morocco;0;0;0
Belarus;Morocco;0;0;0
Belgium;Morocco;0;0;0
Bosnia and Herzegovina;Morocco;0;0;0
Bulgaria;Morocco;0;0;0
Croatia;Morocco;0;0;0
Cyprus;Morocco;0;0;0
Czech Republic;Morocco;0;0;0
Denmark;Morocco;0;0;0
Estonia;Morocco;0;0;0
Finland;Morocco;0;0;0
France;Morocco;0;0;0
Georgia;Morocco;0;0;0
Germany;Morocco;0;0;0
Greece;Morocco;0;0;0
Hungary;Morocco;0;0;0
Iceland;Morocco;0;0;0
Ireland;Morocco;0;0;0
Israel;Morocco;0;0;0
Italy;Morocco;0;0;0
Latvia;Morocco;0;0;0
Lithuania;Morocco;0;0;0
Luxembourg;Morocco;0;0;0
Macedonia;Morocco;0;0;0
Malta;Morocco;0;0;0
Moldova;Morocco;0;0;0
Monaco;Morocco;0;0;0
Montenegro;Morocco;0;0;0
Netherlands;Morocco;0;0;0
Norway;Morocco;0;0;0
Poland;Morocco;0;0;0
Portugal;Morocco;0;0;0
Romania;Morocco;0;0;0
Russia;Morocco;0;0;0
San Marino;Morocco;0;0;0
Serbia;Morocco;0;0;0
Serbia and Montenegro;Morocco;0;0;0
Slovakia;Morocco;0;0;0
Slovenia;Morocco;0;0;0
Spain;Morocco;0;0;0
Sweden;Morocco;0;0;0
Switzerland;Morocco;0;0;0
Turkey;Morocco;0;0;0
Ukraine;Morocco;0;0;0
United Kingdom;Morocco;0;0;0
Yugoslavia;Morocco;0;0;0
Belgium;Netherlands;1276;1370;106
Denmark;Netherlands;1276;1341;59
Norway;Netherlands;1334;1386;59
Hungary;Netherlands;986;1274;50
Ireland;Netherlands;1334;1386;53
Austria;Netherlands;1044;1370;52
Sweden;Netherlands;1334;1386;52
Iceland;Netherlands;1334;1386;51
Portugal;Netherlands;1102;1079;39
Estonia;Netherlands;1334;1386;48
Germany;Netherlands;1334;1386;48
Romania;Netherlands;1160;1217;42
France;Netherlands;1334;1386;44
Switzerland;Netherlands;1218;1325;42
Finland;Netherlands;1218;1325;41
Poland;Netherlands;1160;1232;38
Lithuania;Netherlands;1218;1301;40
Slovenia;Netherlands;1276;1346;41
Czech Republic;Netherlands;696;922;25
Turkey;Netherlands;696;112;3
Latvia;Netherlands;1334;1386;37
Malta;Netherlands;1334;1386;34
Spain;Netherlands;1334;1386;33
Bulgaria;Netherlands;870;538;12
Israel;Netherlands;1334;1386;29
United Kingdom;Netherlands;1334;1386;29
Australia;Netherlands;522;922;19
Croatia;Netherlands;1218;1148;23
Macedonia;Netherlands;1218;1325;25
Armenia;Netherlands;986;1274;23
Belarus;Netherlands;1160;1285;23
Russia;Netherlands;1218;1236;22
San Marino;Netherlands;812;1274;22
Georgia;Netherlands;928;1274;19
Serbia;Netherlands;928;1036;15
Cyprus;Netherlands;1218;1132;16
Ukraine;Netherlands;1044;832;11
Greece;Netherlands;1276;1346;14
Italy;Netherlands;754;1274;13
Bosnia and Herzegovina;Netherlands;754;225;2
Albania;Netherlands;1160;1285;11
Moldova;Netherlands;1102;1274;10
Azerbaijan;Netherlands;928;1274;7
Montenegro;Netherlands;870;1274;4
Andorra;Netherlands;348;11;0
Monaco;Netherlands;174;11;0
Serbia and Montenegro;Netherlands;174;11;0
Luxembourg;Netherlands;0;0;0
Morocco;Netherlands;0;0;0
Yugoslavia;Netherlands;0;0;0
Slovakia;Netherlands;232;0;0
Sweden;Norway;1334;1972;117
Denmark;Norway;1276;1849;106
Iceland;Norway;1334;1972;97
Estonia;Norway;1334;1972;84
Finland;Norway;1218;1846;73
Latvia;Norway;1334;1972;76
Italy;Norway;754;1021;38
Belarus;Norway;1160;1789;66
Lithuania;Norway;1218;1792;64
Netherlands;Norway;1334;1972;69
Ireland;Norway;1334;1972;68
Poland;Norway;1160;1717;56
Germany;Norway;1334;1972;64
Slovakia;Norway;232;429;13
Russia;Norway;1218;1814;50
San Marino;Norway;812;1203;33
Switzerland;Norway;1218;1846;50
Hungary;Norway;986;1715;45
Israel;Norway;1334;1972;51
Ukraine;Norway;1044;1479;38
United Kingdom;Norway;1334;1972;48
Slovenia;Norway;1276;1915;46
Malta;Norway;1334;1972;46
Australia;Norway;522;735;17
Armenia;Norway;986;1654;38
Portugal;Norway;1102;1724;39
Serbia;Norway;928;1537;34
Belgium;Norway;1276;1969;42
Moldova;Norway;1102;1786;38
Spain;Norway;1334;1972;38
Georgia;Norway;928;1238;22
Andorra;Norway;348;733;13
Bosnia and Herzegovina;Norway;754;901;15
Romania;Norway;1160;1969;32
Turkey;Norway;696;958;15
Greece;Norway;1276;1915;28
Austria;Norway;1044;1329;19
France;Norway;1334;1972;28
Azerbaijan;Norway;928;1625;23
Croatia;Norway;1218;1782;24
Montenegro;Norway;870;1590;21
Macedonia;Norway;1218;1846;23
Cyprus;Norway;1218;1881;23
Serbia and Montenegro;Norway;174;164;2
Albania;Norway;1160;1789;21
Czech Republic;Norway;696;1304;13
Monaco;Norway;174;164;1
Bulgaria;Norway;870;1265;5
Luxembourg;Norway;0;0;0
Morocco;Norway;0;0;0
Yugoslavia;Norway;0;0;0
Germany;Poland;1160;507;43
Italy;Poland;638;365;22
Ukraine;Poland;928;486;28
Ireland;Poland;1160;507;30
Austria;Poland;870;482;24
United Kingdom;Poland;1160;507;28
Sweden;Poland;1160;507;23
France;Poland;1160;507;22
Belgium;Poland;1102;496;21
Bulgaria;Poland;754;307;13
Norway;Poland;1160;507;20
Iceland;Poland;1160;507;19
Lithuania;Poland;1102;417;16
Belarus;Poland;1044;406;15
Azerbaijan;Poland;812;379;13
Hungary;Poland;870;379;11
Netherlands;Poland;1160;507;15
Greece;Poland;1160;507;14
Czech Republic;Poland;696;317;8
Latvia;Poland;1160;507;13
Luxembourg;Poland;0;0;0
Morocco;Poland;0;0;0
Yugoslavia;Poland;0;0;0
Slovakia;Poland;174;0;0
Slovenia;Poland;1160;507;12
San Marino;Poland;696;379;8
Spain;Poland;1160;507;11
Malta;Poland;1160;507;10
Romania;Poland;986;267;4
Macedonia;Poland;1044;406;7
Andorra;Poland;348;41;0
Denmark;Poland;1102;417;6
Monaco;Poland;174;27;0
Serbia and Montenegro;Poland;174;27;0
Albania;Poland;1044;406;5
Finland;Poland;1044;406;5
Switzerland;Poland;1044;406;5
Montenegro;Poland;754;379;5
Russia;Poland;1044;443;5
Georgia;Poland;812;379;4
Cyprus;Poland;1044;434;4
Turkey;Poland;580;142;0
Croatia;Poland;1044;435;4
Estonia;Poland;1160;507;5
Portugal;Poland;1044;278;0
Moldova;Poland;986;379;2
Israel;Poland;1160;507;4
Armenia;Poland;928;379;1
Serbia;Poland;812;317;0
Australia;Poland;522;303;2
Bosnia and Herzegovina;Poland;696;371;0
Andorra;Portugal;348;126;16
France;Portugal;1102;997;73
Switzerland;Portugal;986;966;62
Spain;Portugal;1102;997;54
Iceland;Portugal;1102;997;38
Belgium;Portugal;1044;979;32
Germany;Portugal;1102;997;32
Lithuania;Portugal;1044;984;31
Netherlands;Portugal;1102;997;31
Czech Republic;Portugal;580;923;27
Latvia;Portugal;1102;997;28
San Marino;Portugal;638;866;24
Armenia;Portugal;812;966;26
Ukraine;Portugal;870;979;26
Austria;Portugal;812;810;20
Estonia;Portugal;1102;997;24
Israel;Portugal;1102;997;24
Serbia;Portugal;754;966;23
Ireland;Portugal;1102;997;23
Norway;Portugal;1102;997;22
Sweden;Portugal;1102;997;22
Poland;Portugal;1044;997;22
Georgia;Portugal;754;909;20
Finland;Portugal;986;966;20
Hungary;Portugal;812;923;19
Slovenia;Portugal;1102;997;20
United Kingdom;Portugal;1102;997;20
Croatia;Portugal;986;997;20
Slovakia;Portugal;232;100;2
Denmark;Portugal;1044;984;19
Malta;Portugal;1102;997;19
Belarus;Portugal;986;966;17
Macedonia;Portugal;986;966;17
Australia;Portugal;406;797;14
Azerbaijan;Portugal;754;966;16
Cyprus;Portugal;986;979;15
Albania;Portugal;986;966;14
Moldova;Portugal;928;966;13
Romania;Portugal;1044;979;13
Greece;Portugal;1102;997;13
Italy;Portugal;580;797;10
Montenegro;Portugal;696;923;8
Bulgaria;Portugal;696;966;7
Bosnia and Herzegovina;Portugal;638;200;1
Russia;Portugal;986;239;0
Turkey;Portugal;638;200;0
Luxembourg;Portugal;0;0;0
Morocco;Portugal;0;0;0
Yugoslavia;Portugal;0;0;0
Monaco;Portugal;174;0;0
Serbia and Montenegro;Portugal;174;0;0
Moldova;Romania;986;1263;149
Spain;Romania;1218;1450;128
Israel;Romania;1218;1450;90
Italy;Romania;638;602;35
Portugal;Romania;1044;1289;65
Azerbaijan;Romania;812;849;39
Cyprus;Romania;1160;1378;57
Ireland;Romania;1160;1379;54
Andorra;Romania;348;517;20
Greece;Romania;1160;1425;54
Malta;Romania;1218;1450;54
Austria;Romania;986;1031;38
Russia;Romania;1102;1168;39
Turkey;Romania;696;996;33
Australia;Romania;406;317;10
France;Romania;1218;1450;44
Macedonia;Romania;1160;1377;41
Norway;Romania;1160;1379;41
Hungary;Romania;870;929;26
Belgium;Romania;1218;1450;38
Poland;Romania;986;1218;31
Bulgaria;Romania;754;1156;29
Denmark;Romania;1160;1377;28
Serbia and Montenegro;Romania;174;348;7
Albania;Romania;1044;1281;24
Sweden;Romania;1218;1450;26
United Kingdom;Romania;1218;1450;25
Iceland;Romania;1160;1379;23
Montenegro;Romania;754;694;11
Netherlands;Romania;1160;1379;20
Croatia;Romania;1102;1343;19
Serbia;Romania;812;861;12
Bosnia and Herzegovina;Romania;638;971;13
Czech Republic;Romania;580;486;6
Monaco;Romania;174;348;4
Germany;Romania;1218;1450;16
San Marino;Romania;696;647;7
Ukraine;Romania;928;1319;14
Slovenia;Romania;1160;1425;14
Latvia;Romania;1218;1450;14
Estonia;Romania;1218;1450;11
Armenia;Romania;870;1034;7
Finland;Romania;1160;1377;9
Switzerland;Romania;1160;1377;9
Belarus;Romania;1044;1281;8
Lithuania;Romania;1102;1352;7
Slovakia;Romania;232;350;1
Georgia;Romania;812;893;0
Luxembourg;Romania;0;0;0
Morocco;Romania;0;0;0
Yugoslavia;Romania;0;0;0
Belarus;Russia;1044;2795;166
Estonia;Russia;1276;3206;173
Armenia;Russia;870;2412;126
Latvia;Russia;1276;3206;164
Ukraine;Russia;928;2286;116
Azerbaijan;Russia;812;2216;103
Moldova;Russia;986;2728;126
Israel;Russia;1276;3206;134
Lithuania;Russia;1160;2887;119
Cyprus;Russia;1160;3080;116
Greece;Russia;1218;3051;105
Montenegro;Russia;754;2256;70
Czech Republic;Russia;580;1734;51
Romania;Russia;1102;2678;77
Serbia;Russia;812;2334;67
Bulgaria;Russia;754;1966;54
Malta;Russia;1276;3206;85
Germany;Russia;1276;3206;82
Georgia;Russia;812;2332;59
Finland;Russia;1160;3005;74
Turkey;Russia;754;1779;43
Croatia;Russia;1160;2814;68
San Marino;Russia;696;2035;49
Portugal;Russia;986;2331;53
Ireland;Russia;1218;3151;66
Spain;Russia;1276;3206;67
Macedonia;Russia;1160;3005;62
Hungary;Russia;870;2390;49
Italy;Russia;638;1763;36
Slovenia;Russia;1218;3051;59
Albania;Russia;1044;2795;52
Austria;Russia;986;2468;44
Slovakia;Russia;232;517;9
Sweden;Russia;1276;3206;54
Poland;Russia;1044;2563;43
Australia;Russia;406;1164;19
Serbia and Montenegro;Russia;174;372;6
Iceland;Russia;1218;3151;50
Belgium;Russia;1218;3169;49
Andorra;Russia;348;942;14
France;Russia;1276;3206;47
United Kingdom;Russia;1276;3206;45
Denmark;Russia;1218;3042;42
Bosnia and Herzegovina;Russia;812;2115;29
Norway;Russia;1218;3151;40
Netherlands;Russia;1218;3151;26
Switzerland;Russia;1160;3005;18
Monaco;Russia;174;372;0
Luxembourg;Russia;0;0;0
Morocco;Russia;0;0;0
Yugoslavia;Russia;0;0;0
Albania;San Marino;812;91;13
Azerbaijan;San Marino;812;91;13
Georgia;San Marino;812;91;10
Hungary;San Marino;812;91;10
Moldova;San Marino;812;91;9
Macedonia;San Marino;812;91;8
Montenegro;San Marino;754;91;8
Greece;San Marino;812;91;6
Russia;San Marino;696;91;5
Armenia;San Marino;754;91;3
Croatia;San Marino;696;77;2
Serbia;San Marino;754;77;1
Belarus;San Marino;812;91;1
Iceland;San Marino;812;91;1
Malta;San Marino;812;91;1
Ukraine;San Marino;638;14;0
Cyprus;San Marino;754;77;0
Belgium;San Marino;812;91;0
Denmark;San Marino;812;91;0
Estonia;San Marino;812;91;0
Finland;San Marino;812;91;0
France;San Marino;812;91;0
Germany;San Marino;812;91;0
Ireland;San Marino;812;91;0
Israel;San Marino;812;91;0
Latvia;San Marino;812;91;0
Lithuania;San Marino;812;91;0
Netherlands;San Marino;812;91;0
Norway;San Marino;812;91;0
Slovenia;San Marino;812;91;0
Spain;San Marino;812;91;0
Sweden;San Marino;812;91;0
Switzerland;San Marino;812;91;0
United Kingdom;San Marino;812;91;0
Austria;San Marino;754;91;0
Italy;San Marino;754;91;0
Poland;San Marino;696;91;0
Romania;San Marino;696;91;0
Czech Republic;San Marino;580;77;0
Portugal;San Marino;638;91;0
Australia;San Marino;522;77;0
Luxembourg;San Marino;0;0;0
Monaco;San Marino;0;0;0
Morocco;San Marino;0;0;0
Serbia and Montenegro;San Marino;0;0;0
Yugoslavia;San Marino;0;0;0
Bulgaria;San Marino;580;0;0
Bosnia and Herzegovina;San Marino;290;0;0
Turkey;San Marino;174;0;0
Slovakia;San Marino;116;0;0
Andorra;San Marino;58;0;0
Montenegro;Serbia;812;1012;114
Macedonia;Serbia;928;1169;104
Slovenia;Serbia;928;1169;99
Bosnia and Herzegovina;Serbia;464;914;76
Croatia;Serbia;870;1116;88
Switzerland;Serbia;928;1169;86
Austria;Serbia;754;937;50
Bulgaria;Serbia;754;1027;34
France;Serbia;928;1169;34
Sweden;Serbia;928;1169;33
Norway;Serbia;928;1169;32
Germany;Serbia;928;1169;31
Netherlands;Serbia;928;1169;31
Poland;Serbia;812;955;25
Italy;Serbia;696;669;17
Czech Republic;Serbia;696;798;17
Hungary;Serbia;870;1097;23
Romania;Serbia;812;1054;21
Slovakia;Serbia;232;371;7
San Marino;Serbia;754;829;14
Greece;Serbia;928;1169;19
Australia;Serbia;522;370;6
Albania;Serbia;928;1169;16
Cyprus;Serbia;928;1169;16
Finland;Serbia;928;1169;16
Russia;Serbia;812;1169;16
Azerbaijan;Serbia;870;901;12
Iceland;Serbia;928;1169;14
Malta;Serbia;928;1169;14
Armenia;Serbia;870;955;11
Belgium;Serbia;928;1169;12
Portugal;Serbia;754;1054;10
Lithuania;Serbia;928;1169;10
Ukraine;Serbia;754;1027;8
Moldova;Serbia;928;1169;9
Belarus;Serbia;928;1169;8
Denmark;Serbia;928;1169;6
Georgia;Serbia;870;1169;6
Israel;Serbia;928;1169;5
Spain;Serbia;928;1169;5
Estonia;Serbia;928;1169;4
Ireland;Serbia;928;1169;4
Latvia;Serbia;928;1169;3
United Kingdom;Serbia;928;1169;3
Turkey;Serbia;348;799;0
Andorra;Serbia;174;428;0
Luxembourg;Serbia;0;0;0
Monaco;Serbia;0;0;0
Morocco;Serbia;0;0;0
Serbia and Montenegro;Serbia;0;0;0
Yugoslavia;Serbia;0;0;0
Croatia;Serbia and Montenegro;174;400;24
Switzerland;Serbia and Montenegro;174;400;24
Austria;Serbia and Montenegro;116;400;24
Bosnia and Herzegovina;Serbia and Montenegro;174;400;22
Slovenia;Serbia and Montenegro;174;400;22
Cyprus;Serbia and Montenegro;174;400;20
Macedonia;Serbia and Montenegro;174;400;20
France;Serbia and Montenegro;174;400;16
Russia;Serbia and Montenegro;174;400;16
Sweden;Serbia and Montenegro;174;400;16
Ukraine;Serbia and Montenegro;174;400;15
Greece;Serbia and Montenegro;174;400;14
Netherlands;Serbia and Montenegro;174;400;14
Romania;Serbia and Montenegro;174;400;14
Albania;Serbia and Montenegro;174;400;13
Germany;Serbia and Montenegro;174;400;13
Bulgaria;Serbia and Montenegro;116;137;4
Belarus;Serbia and Montenegro;174;400;10
Finland;Serbia and Montenegro;174;400;10
Turkey;Serbia and Montenegro;174;400;8
Denmark;Serbia and Montenegro;174;400;7
Iceland;Serbia and Montenegro;174;400;7
Israel;Serbia and Montenegro;174;400;7
Monaco;Serbia and Montenegro;174;400;7
Portugal;Serbia and Montenegro;174;400;7
Latvia;Serbia and Montenegro;174;400;6
Malta;Serbia and Montenegro;174;400;6
Norway;Serbia and Montenegro;174;400;6
Spain;Serbia and Montenegro;174;400;6
Hungary;Serbia and Montenegro;58;137;2
Poland;Serbia and Montenegro;174;400;5
Belgium;Serbia and Montenegro;174;400;3
Ireland;Serbia and Montenegro;174;400;3
United Kingdom;Serbia and Montenegro;174;400;3
Moldova;Serbia and Montenegro;116;137;1
Andorra;Serbia and Montenegro;174;400;2
Lithuania;Serbia and Montenegro;174;400;2
Estonia;Serbia and Montenegro;174;400;1
Australia;Serbia and Montenegro;0;0;0
Azerbaijan;Serbia and Montenegro;0;0;0
Czech Republic;Serbia and Montenegro;0;0;0
Georgia;Serbia and Montenegro;0;0;0
Italy;Serbia and Montenegro;0;0;0
Luxembourg;Serbia and Montenegro;0;0;0
Montenegro;Serbia and Montenegro;0;0;0
Morocco;Serbia and Montenegro;0;0;0
San Marino;Serbia and Montenegro;0;0;0
Serbia;Serbia and Montenegro;0;0;0
Slovakia;Serbia and Montenegro;0;0;0
Yugoslavia;Serbia and Montenegro;0;0;0
Armenia;Serbia and Montenegro;58;0;0
Australia;Slovakia;0;0;0
Luxembourg;Slovakia;0;0;0
Monaco;Slovakia;0;0;0
Morocco;Slovakia;0;0;0
Serbia and Montenegro;Slovakia;0;0;0
Yugoslavia;Slovakia;0;0;0
Albania;Slovakia;232;0;0
Azerbaijan;Slovakia;232;0;0
Belarus;Slovakia;232;0;0
Belgium;Slovakia;232;0;0
Bosnia and Herzegovina;Slovakia;232;0;0
Bulgaria;Slovakia;232;0;0
Croatia;Slovakia;232;0;0
Cyprus;Slovakia;232;0;0
Denmark;Slovakia;232;0;0
Estonia;Slovakia;232;0;0
Finland;Slovakia;232;0;0
France;Slovakia;232;0;0
Germany;Slovakia;232;0;0
Greece;Slovakia;232;0;0
Iceland;Slovakia;232;0;0
Ireland;Slovakia;232;0;0
Israel;Slovakia;232;0;0
Latvia;Slovakia;232;0;0
Lithuania;Slovakia;232;0;0
Macedonia;Slovakia;232;0;0
Malta;Slovakia;232;0;0
Moldova;Slovakia;232;0;0
Netherlands;Slovakia;232;0;0
Norway;Slovakia;232;0;0
Portugal;Slovakia;232;0;0
Romania;Slovakia;232;0;0
Russia;Slovakia;232;0;0
Serbia;Slovakia;232;0;0
Slovenia;Slovakia;232;0;0
Spain;Slovakia;232;0;0
Sweden;Slovakia;232;0;0
Switzerland;Slovakia;232;0;0
Turkey;Slovakia;232;0;0
Ukraine;Slovakia;232;0;0
United Kingdom;Slovakia;232;0;0
Armenia;Slovakia;174;0;0
Georgia;Slovakia;174;0;0
Hungary;Slovakia;174;0;0
Poland;Slovakia;174;0;0
Austria;Slovakia;116;0;0
Italy;Slovakia;116;0;0
Montenegro;Slovakia;116;0;0
San Marino;Slovakia;116;0;0
Andorra;Slovakia;58;0;0
Czech Republic;Slovakia;58;0;0
Bosnia and Herzegovina;Slovenia;812;272;34
Croatia;Slovenia;1218;441;55
Montenegro;Slovenia;870;283;30
Serbia;Slovenia;928;370;38
Macedonia;Slovenia;1218;412;33
Czech Republic;Slovenia;696;274;17
Poland;Slovenia;1160;456;25
Ukraine;Slovenia;1044;242;9
Russia;Slovenia;1218;489;18
Belarus;Slovenia;1160;379;13
Austria;Slovenia;1044;419;12
Estonia;Slovenia;1334;489;14
Israel;Slovenia;1334;489;14
Lithuania;Slovenia;1276;482;13
Latvia;Slovenia;1334;489;13
Spain;Slovenia;1334;489;13
Hungary;Slovenia;986;379;9
Azerbaijan;Slovenia;928;313;7
San Marino;Slovenia;812;313;7
Portugal;Slovenia;1102;456;10
Finland;Slovenia;1218;412;8
Iceland;Slovenia;1276;456;8
France;Slovenia;1334;489;8
Germany;Slovenia;1334;489;8
Malta;Slovenia;1334;489;8
Sweden;Slovenia;1334;489;8
Netherlands;Slovenia;1276;456;7
Norway;Slovenia;1276;456;7
Cyprus;Slovenia;1218;410;6
Denmark;Slovenia;1276;482;7
United Kingdom;Slovenia;1334;489;6
Romania;Slovenia;1160;419;5
Georgia;Slovenia;928;379;4
Slovakia;Slovenia;232;96;1
Ireland;Slovenia;1276;456;4
Greece;Slovenia;1334;489;4
Turkey;Slovenia;696;272;2
Switzerland;Slovenia;1218;412;2
Belgium;Slovenia;1276;419;2
Andorra;Slovenia;348;66;0
Bulgaria;Slovenia;870;226;0
Albania;Slovenia;1160;379;0
Moldova;Slovenia;1102;379;0
Armenia;Slovenia;986;379;0
Australia;Slovenia;522;208;0
Italy;Slovenia;754;313;0
Luxembourg;Slovenia;0;0;0
Morocco;Slovenia;0;0;0
Yugoslavia;Slovenia;0;0;0
Monaco;Slovenia;174;0;0
Serbia and Montenegro;Slovenia;174;0;0
Andorra;Spain;348;254;60
Portugal;Spain;1102;835;134
France;Spain;1392;1019;85
Switzerland;Spain;1276;862;63
Albania;Spain;1160;763;55
Australia;Spain;522;212;14
Israel;Spain;1392;1019;65
Cyprus;Spain;1276;869;51
Belgium;Spain;1334;943;52
Romania;Spain;1218;866;43
Greece;Spain;1334;1001;34
Italy;Spain;754;441;14
Netherlands;Spain;1334;938;25
United Kingdom;Spain;1392;1019;27
Armenia;Spain;986;551;13
Monaco;Spain;174;133;3
Sweden;Spain;1392;1019;22
Bosnia and Herzegovina;Spain;812;784;16
Moldova;Spain;1102;676;13
Norway;Spain;1334;938;18
Turkey;Spain;754;725;13
Bulgaria;Spain;870;533;9
Germany;Spain;1392;1019;16
Croatia;Spain;1276;930;13
Russia;Spain;1276;1014;14
Lithuania;Spain;1276;920;12
Slovenia;Spain;1334;1001;13
Estonia;Spain;1392;1019;13
Latvia;Spain;1392;1019;13
Iceland;Spain;1334;938;11
Montenegro;Spain;870;512;6
Poland;Spain;1160;815;9
Ireland;Spain;1334;938;10
Hungary;Spain;986;590;6
Denmark;Spain;1334;938;9
Finland;Spain;1276;862;8
Slovakia;Spain;232;238;2
Ukraine;Spain;1044;775;6
Austria;Spain;1102;779;6
Malta;Spain;1392;1019;7
Azerbaijan;Spain;928;587;4
Macedonia;Spain;1276;862;5
Serbia;Spain;928;556;2
Georgia;Spain;928;607;2
Belarus;Spain;1160;763;2
San Marino;Spain;812;496;1
Czech Republic;Spain;696;333;0
Serbia and Montenegro;Spain;174;133;0
Luxembourg;Spain;0;0;0
Morocco;Spain;0;0;0
Yugoslavia;Spain;0;0;0
Denmark;Sweden;1334;3176;210
Finland;Sweden;1276;3076;170
Norway;Sweden;1334;3211;165
Iceland;Sweden;1334;3211;150
Estonia;Sweden;1392;3283;145
Slovakia;Sweden;232;590;22
Australia;Sweden;522;1578;56
Andorra;Sweden;348;501;17
Latvia;Sweden;1392;3283;108
United Kingdom;Sweden;1392;3283;108
Malta;Sweden;1392;3283;101
Israel;Sweden;1392;3283;100
Netherlands;Sweden;1334;3211;96
Spain;Sweden;1392;3283;98
Czech Republic;Sweden;696;1709;51
Ireland;Sweden;1334;3211;95
Lithuania;Sweden;1276;3088;90
Slovenia;Sweden;1334;3195;93
Turkey;Sweden;754;1425;37
Belgium;Sweden;1334;3183;81
Poland;Sweden;1160;2689;68
Hungary;Sweden;986;2576;61
France;Sweden;1392;3283;77
Germany;Sweden;1392;3283;76
Armenia;Sweden;986;2344;54
Cyprus;Sweden;1276;2965;68
Romania;Sweden;1218;2922;67
Austria;Sweden;1102;2933;67
Monaco;Sweden;174;370;8
Ukraine;Sweden;1044;2324;50
Bosnia and Herzegovina;Sweden;812;1598;34
Georgia;Sweden;928;2513;53
Moldova;Sweden;1102;2746;55
Serbia;Sweden;928;2328;46
Switzerland;Sweden;1276;3076;58
Belarus;Sweden;1160;2916;53
Portugal;Sweden;1102;2800;50
Albania;Sweden;1160;2916;52
San Marino;Sweden;812;2462;40
Russia;Sweden;1276;2939;43
Macedonia;Sweden;1276;3076;45
Croatia;Sweden;1276;2700;39
Serbia and Montenegro;Sweden;174;370;5
Italy;Sweden;754;2415;27
Bulgaria;Sweden;870;1829;19
Montenegro;Sweden;870;2361;24
Greece;Sweden;1334;3195;30
Azerbaijan;Sweden;928;2495;21
Luxembourg;Sweden;0;0;0
Morocco;Sweden;0;0;0
Yugoslavia;Sweden;0;0;0
Slovakia;Switzerland;232;19;4
Monaco;Switzerland;174;158;14
Austria;Switzerland;1044;604;31
Armenia;Switzerland;986;477;20
Serbia;Switzerland;928;383;16
Estonia;Switzerland;1276;634;26
Ireland;Switzerland;1218;619;25
Netherlands;Switzerland;1218;619;25
Germany;Switzerland;1276;634;25
Malta;Switzerland;1276;634;24
United Kingdom;Switzerland;1276;634;23
Romania;Switzerland;1160;634;23
Poland;Switzerland;1044;605;21
Iceland;Switzerland;1218;619;19
Slovenia;Switzerland;1218;620;19
Croatia;Switzerland;1160;570;17
Belarus;Switzerland;1160;605;18
Portugal;Switzerland;986;605;18
Cyprus;Switzerland;1218;570;15
Israel;Switzerland;1276;634;16
Latvia;Switzerland;1276;634;16
Sweden;Switzerland;1276;634;16
Norway;Switzerland;1218;619;15
Finland;Switzerland;1276;634;15
Albania;Switzerland;1160;605;14
Greece;Switzerland;1218;620;14
Russia;Switzerland;1160;634;14
Hungary;Switzerland;986;575;12
Bosnia and Herzegovina;Switzerland;696;192;4
Ukraine;Switzerland;986;241;5
Denmark;Switzerland;1276;634;13
Spain;Switzerland;1276;634;13
Lithuania;Switzerland;1218;620;12
Australia;Switzerland;522;364;7
Belgium;Switzerland;1276;634;12
Azerbaijan;Switzerland;928;447;8
San Marino;Switzerland;812;447;7
Czech Republic;Switzerland;696;364;5
Montenegro;Switzerland;870;428;5
Italy;Switzerland;754;447;5
France;Switzerland;1276;634;7
Macedonia;Switzerland;1276;634;7
Georgia;Switzerland;928;447;4
Moldova;Switzerland;1102;605;4
Andorra;Switzerland;348;158;1
Bulgaria;Switzerland;870;177;0
Turkey;Switzerland;638;206;0
Serbia and Montenegro;Switzerland;174;158;0
Luxembourg;Switzerland;0;0;0
Morocco;Switzerland;0;0;0
Yugoslavia;Switzerland;0;0;0
France;Turkey;754;1434;123
Azerbaijan;Turkey;290;597;48
Netherlands;Turkey;696;1405;109
Germany;Turkey;754;1434;111
Belgium;Turkey;696;1393;91
Albania;Turkey;522;1138;71
Macedonia;Turkey;638;1226;74
Bosnia and Herzegovina;Turkey;696;1375;76
Austria;Turkey;464;817;45
Switzerland;Turkey;638;1226;63
Romania;Turkey;696;1393;68
Bulgaria;Turkey;464;943;46
United Kingdom;Turkey;754;1434;60
Denmark;Turkey;696;1267;50
San Marino;Turkey;174;250;9
Georgia;Turkey;290;583;20
Sweden;Turkey;754;1434;38
Norway;Turkey;696;1405;37
Croatia;Turkey;754;1434;36
Monaco;Turkey;174;378;8
Greece;Turkey;696;1375;29
Hungary;Turkey;348;682;14
Finland;Turkey;638;1226;25
Ukraine;Turkey;580;1305;21
Malta;Turkey;754;1434;21
Israel;Turkey;754;1434;14
Spain;Turkey;754;1434;14
Slovenia;Turkey;696;1375;12
Cyprus;Turkey;696;1393;12
Russia;Turkey;754;1434;12
Portugal;Turkey;638;1346;11
Poland;Turkey;580;1234;10
Belarus;Turkey;522;1138;9
Iceland;Turkey;696;1405;11
Montenegro;Turkey;232;590;4
Lithuania;Turkey;638;1208;8
Armenia;Turkey;348;739;4
Serbia and Montenegro;Turkey;174;378;2
Estonia;Turkey;754;1434;6
Serbia;Turkey;348;760;3
Andorra;Turkey;348;856;3
Czech Republic;Turkey;174;478;1
Ireland;Turkey;696;1405;2
Latvia;Turkey;754;1434;2
Moldova;Turkey;464;943;1
Italy;Turkey;116;112;0
Slovakia;Turkey;232;459;0
Australia;Turkey;0;0;0
Luxembourg;Turkey;0;0;0
Morocco;Turkey;0;0;0
Yugoslavia;Turkey;0;0;0
Azerbaijan;Ukraine;754;1665;108
Poland;Ukraine;928;2106;120
Moldova;Ukraine;928;2075;117
Belarus;Ukraine;986;2355;126
Georgia;Ukraine;754;1824;91
Italy;Ukraine;580;1251;62
Portugal;Ukraine;870;1637;74
Czech Republic;Ukraine;522;1241;56
Russia;Ukraine;928;2349;101
Israel;Ukraine;1044;2385;99
Latvia;Ukraine;1044;2385;96
Armenia;Ukraine;812;1980;70
Andorra;Ukraine;348;996;33
Lithuania;Ukraine;986;2355;78
Slovakia;Ukraine;232;408;13
Turkey;Ukraine;580;1358;39
Serbia;Ukraine;754;1787;51
Estonia;Ukraine;1044;2385;66
Serbia and Montenegro;Ukraine;174;455;12
Bulgaria;Ukraine;870;1962;50
Spain;Ukraine;1044;2385;57
Cyprus;Ukraine;986;2272;54
Greece;Ukraine;1044;2385;54
Croatia;Ukraine;986;2272;51
Macedonia;Ukraine;986;2355;51
Malta;Ukraine;1044;2385;50
Hungary;Ukraine;812;1822;38
Bosnia and Herzegovina;Ukraine;696;1892;38
San Marino;Ukraine;638;1481;29
United Kingdom;Ukraine;1044;2385;45
Monaco;Ukraine;174;455;8
Slovenia;Ukraine;1044;2385;41
Montenegro;Ukraine;696;1633;28
Ireland;Ukraine;1044;2385;37
Romania;Ukraine;928;1851;27
Denmark;Ukraine;986;2355;34
Australia;Ukraine;348;700;10
Finland;Ukraine;986;2355;33
Iceland;Ukraine;1044;2385;32
Austria;Ukraine;812;1826;24
Netherlands;Ukraine;1044;2385;31
Belgium;Ukraine;1044;2385;24
Germany;Ukraine;1044;2385;24
Norway;Ukraine;1044;2385;24
Sweden;Ukraine;1044;2385;23
Albania;Ukraine;986;2355;22
France;Ukraine;1044;2385;22
Switzerland;Ukraine;986;2355;12
Luxembourg;Ukraine;0;0;0
Morocco;Ukraine;0;0;0
Yugoslavia;Ukraine;0;0;0
Ireland;United Kingdom;1334;756;110
Australia;United Kingdom;522;237;29
Malta;United Kingdom;1392;867;87
San Marino;United Kingdom;812;426;31
Albania;United Kingdom;1160;700;31
Italy;United Kingdom;754;412;16
Latvia;United Kingdom;1392;867;30
Czech Republic;United Kingdom;696;443;15
Denmark;United Kingdom;1334;867;29
Estonia;United Kingdom;1392;867;28
Cyprus;United Kingdom;1276;799;25
Bulgaria;United Kingdom;870;615;19
Germany;United Kingdom;1392;867;25
Slovenia;United Kingdom;1334;839;23
Russia;United Kingdom;1276;756;20
Turkey;United Kingdom;754;567;15
Greece;United Kingdom;1334;839;22
Spain;United Kingdom;1392;867;21
Slovakia;United Kingdom;232;295;7
Armenia;United Kingdom;986;641;15
Portugal;United Kingdom;1102;643;15
Israel;United Kingdom;1392;867;19
Andorra;United Kingdom;348;278;6
Macedonia;United Kingdom;1276;839;18
Austria;United Kingdom;1102;617;13
Lithuania;United Kingdom;1276;839;17
Poland;United Kingdom;1160;693;14
Iceland;United Kingdom;1334;756;15
Bosnia and Herzegovina;United Kingdom;812;601;11
Croatia;United Kingdom;1276;822;14
Serbia;United Kingdom;928;588;10
Georgia;United Kingdom;928;455;7
Norway;United Kingdom;1334;756;11
France;United Kingdom;1392;867;12
Netherlands;United Kingdom;1334;756;10
Ukraine;United Kingdom;1044;684;9
Belgium;United Kingdom;1334;839;10
Finland;United Kingdom;1276;839;10
Azerbaijan;United Kingdom;928;609;7
Switzerland;United Kingdom;1276;839;9
Romania;United Kingdom;1218;777;8
Hungary;United Kingdom;986;636;6
Belarus;United Kingdom;1160;700;6
Moldova;United Kingdom;1102;671;5
Sweden;United Kingdom;1392;867;5
Montenegro;United Kingdom;870;518;2
Monaco;United Kingdom;174;72;0
Serbia and Montenegro;United Kingdom;174;72;0
Luxembourg;United Kingdom;0;0;0
Morocco;United Kingdom;0;0;0
Yugoslavia;United Kingdom;0;0;0
Albania;Yugoslavia;0;0;0
Andorra;Yugoslavia;0;0;0
Armenia;Yugoslavia;0;0;0
Australia;Yugoslavia;0;0;0
Austria;Yugoslavia;0;0;0
Azerbaijan;Yugoslavia;0;0;0
Belarus;Yugoslavia;0;0;0
Belgium;Yugoslavia;0;0;0
Bosnia and Herzegovina;Yugoslavia;0;0;0
Bulgaria;Yugoslavia;0;0;0
Croatia;Yugoslavia;0;0;0
Cyprus;Yugoslavia;0;0;0
Czech Republic;Yugoslavia;0;0;0
Denmark;Yugoslavia;0;0;0
Estonia;Yugoslavia;0;0;0
Finland;Yugoslavia;0;0;0
France;Yugoslavia;0;0;0
Georgia;Yugoslavia;0;0;0
Germany;Yugoslavia;0;0;0
Greece;Yugoslavia;0;0;0
Hungary;Yugoslavia;0;0;0
Iceland;Yugoslavia;0;0;0
Ireland;Yugoslavia;0;0;0
Israel;Yugoslavia;0;0;0
Italy;Yugoslavia;0;0;0
Latvia;Yugoslavia;0;0;0
Lithuania;Yugoslavia;0;0;0
Luxembourg;Yugoslavia;0;0;0
Macedonia;Yugoslavia;0;0;0
Malta;Yugoslavia;0;0;0
Moldova;Yugoslavia;0;0;0
Monaco;Yugoslavia;0;0;0
Montenegro;Yugoslavia;0;0;0
Morocco;Yugoslavia;0;0;0
Netherlands;Yugoslavia;0;0;0
Norway;Yugoslavia;0;0;0
Poland;Yugoslavia;0;0;0
Portugal;Yugoslavia;0;0;0
Romania;Yugoslavia;0;0;0
Russia;Yugoslavia;0;0;0
San Marino;Yugoslavia;0;0;0
Serbia;Yugoslavia;0;0;0
Serbia and Montenegro;Yugoslavia;0;0;0
Slovakia;Yugoslavia;0;0;0
Slovenia;Yugoslavia;0;0;0
Spain;Yugoslavia;0;0;0
Sweden;Yugoslavia;0;0;0
Switzerland;Yugoslavia;0;0;0
Turkey;Yugoslavia;0;0;0
Ukraine;Yugoslavia;0;0;0
United Kingdom;Yugoslavia;0;0;0
