"year";"country_of_jury";"member_id";"gender";"birthdate";"birthyear";"birthmonth";"birthday"
2018;"Albania";"A";"male";"1973-04-05";"1973";4;5
2018;"Albania";"B";"male";"1966-06-29";"1966";6;29
2018;"Albania";"C";"male";"1975-05-25";"1975";5;25
2018;"Albania";"D";"female";"1987-03-13";"1987";3;13
2018;"Albania";"E";"female";"1987-06-08";"1987";6;8
2018;"Armenia";"A";"male";"1981-03-28";"1981";3;28
2018;"Armenia";"B";"male";"1968-01-24";"1968";1;24
2018;"Armenia";"C";"male";"1972-08-10";"1972";8;10
2018;"Armenia";"D";"female";"1995-02-07";"1995";2;7
2018;"Armenia";"E";"female";"1963-11-09";"1963";11;9
2018;"Austria";"A";"female";"1967-10-14";"1967";10;14
2018;"Austria";"B";"male";"1977-06-25";"1977";6;25
2018;"Austria";"C";"female";"1984-09-29";"1984";9;29
2018;"Austria";"D";"male";"1992-04-04";"1992";4;4
2018;"Austria";"E";"male";"1980-03-12";"1980";3;12
2018;"Azerbaijan";"A";"male";"1971-12-29";"1971";12;29
2018;"Azerbaijan";"B";"male";"1948-01-30";"1948";1;30
2018;"Azerbaijan";"C";"female";"1982-07-06";"1982";7;6
2018;"Azerbaijan";"D";"female";"1948-06-09";"1948";6;9
2018;"Azerbaijan";"E";"female";"1988-09-24";"1988";9;24
2018;"Belarus";"A";"female";"1970-12-23";"1970";12;23
2018;"Belarus";"B";"male";"1973-09-18";"1973";9;18
2018;"Belarus";"C";"male";"1980-05-26";"1980";5;26
2018;"Belarus";"D";"female";"1967-07-27";"1967";7;27
2018;"Belarus";"E";"female";"1966-01-09";"1966";1;9
2018;"Belgium";"A";"male";"1988-06-28";"1988";6;28
2018;"Belgium";"B";"female";"1996-08-19";"1996";8;19
2018;"Belgium";"C";"male";"1989-11-25";"1989";11;25
2018;"Belgium";"D";"male";"1961-11-29";"1961";11;29
2018;"Belgium";"E";"female";"1975-07-19";"1975";7;19
2018;"Bulgaria";"A";"male";"1986-09-23";"1986";9;23
2018;"Bulgaria";"B";"female";"1973-02-10";"1973";2;10
2018;"Bulgaria";"C";"female";"1979-01-12";"1979";1;12
2018;"Bulgaria";"D";"female";"1963-05-05";"1963";5;5
2018;"Bulgaria";"E";"male";"1973-06-18";"1973";6;18
2018;"Croatia";"A";"female";"1984-11-24";"1984";11;24
2018;"Croatia";"B";"female";"1944-01-16";"1944";1;16
2018;"Croatia";"C";"female";"1993-04-08";"1993";4;8
2018;"Croatia";"D";"male";"1961-09-09";"1961";9;9
2018;"Croatia";"E";"male";"1976-01-30";"1976";1;30
2018;"Cyprus";"A";"male";"1970-08-23";"1970";8;23
2018;"Cyprus";"B";"male";"1977-12-31";"1977";12;31
2018;"Cyprus";"C";"female";"1972-09-15";"1972";9;15
2018;"Cyprus";"D";"female";"1988-10-25";"1988";10;25
2018;"Cyprus";"E";"male";"1976-04-20";"1976";4;20
2018;"Czech-republic";"A";"male";"1961-11-09";"1961";11;9
2018;"Czech-republic";"B";"male";"1971-06-21";"1971";6;21
2018;"Czech-republic";"C";"female";"1984-04-26";"1984";4;26
2018;"Czech-republic";"D";"female";"1991-02-15";"1991";2;15
2018;"Czech-republic";"E";"male";"1985-11-22";"1985";11;22
2018;"Estonia";"A";"female";"1966-10-02";"1966";10;2
2018;"Estonia";"B";"male";"1958-08-07";"1958";8;7
2018;"Estonia";"C";"female";"1993-09-03";"1993";9;3
2018;"Estonia";"D";"male";"2001-07-11";"2001";7;11
2018;"Estonia";"E";"male";"1991-01-24";"1991";1;24
2018;"Finland";"A";"female";"1981-02-12";"1981";2;12
2018;"Finland";"B";"female";"1959-08-19";"1959";8;19
2018;"Finland";"C";"male";"1962-08-07";"1962";8;7
2018;"Finland";"D";"male";"1992-07-19";"1992";7;19
2018;"Finland";"E";"female";"1993-08-08";"1993";8;8
2018;"Greece";"A";"male";"1983-11-08";"1983";11;8
2018;"Greece";"B";"male";"1964-06-10";"1964";6;10
2018;"Greece";"C";"male";"1978-02-06";"1978";2;6
2018;"Greece";"D";"female";"1990-02-02";"1990";2;2
2018;"Greece";"E";"female";"1981-02-27";"1981";2;27
2018;"Iceland";"A";"male";"1982-08-30";"1982";8;30
2018;"Iceland";"B";"male";"1975-11-08";"1975";11;8
2018;"Iceland";"C";"male";"1958-06-17";"1958";6;17
2018;"Iceland";"D";"female";"1982-07-08";"1982";7;8
2018;"Iceland";"E";"female";"1981-09-04";"1981";9;4
2018;"Ireland";"A";"male";"1961-04-19";"1961";4;19
2018;"Ireland";"B";"female";"1968-02-13";"1968";2;13
2018;"Ireland";"C";"male";"1987-12-19";"1987";12;19
2018;"Ireland";"D";"female";"1983-05-26";"1983";5;26
2018;"Ireland";"E";"male";"1990-02-25";"1990";2;25
2018;"Israel";"A";"female";"1980-07-01";"1980";7;1
2018;"Israel";"B";"male";"1977-05-17";"1977";5;17
2018;"Israel";"C";"female";"1979-10-18";"1979";10;18
2018;"Israel";"D";"male";"1962-09-25";"1962";9;25
2018;"Israel";"E";"male";"1958-09-27";"1958";9;27
2018;"Lithuania";"A";"female";"1980-02-10";"1980";2;10
2018;"Lithuania";"B";"female";"1986-09-12";"1986";9;12
2018;"Lithuania";"C";"male";"1952-06-01";"1952";6;1
2018;"Lithuania";"D";"male";"1981-02-22";"1981";2;22
2018;"Lithuania";"E";"male";"1979-10-25";"1979";10;25
2018;"Fyr-macedonia";"A";"male";"1984-01-23";"1984";1;23
2018;"Fyr-macedonia";"B";"female";"1985-11-25";"1985";11;25
2018;"Fyr-macedonia";"C";"male";"1946-11-27";"1946";11;27
2018;"Fyr-macedonia";"D";"male";"1967-04-15";"1967";4;15
2018;"Fyr-macedonia";"E";"female";"1964-02-25";"1964";2;25
2018;"Portugal";"A";"male";"1968-02-13";"1968";2;13
2018;"Portugal";"B";"female";"1984-03-04";"1984";3;4
2018;"Portugal";"C";"female";"1976-09-22";"1976";9;22
2018;"Portugal";"D";"male";"1986-05-24";"1986";5;24
2018;"Portugal";"E";"male";"1978-07-03";"1978";7;3
2018;"Spain";"A";"male";"1966-02-17";"1966";2;17
2018;"Spain";"B";"female";"1991-02-20";"1991";2;20
2018;"Spain";"C";"female";"1996-09-30";"1996";9;30
2018;"Spain";"D";"male";"1993-09-30";"1993";9;30
2018;"Spain";"E";"female";"1981-03-03";"1981";3;3
2018;"Switzerland";"A";"male";"1980-11-08";"1980";11;8
2018;"Switzerland";"B";"female";"1988-05-10";"1988";5;10
2018;"Switzerland";"C";"male";"1972-06-29";"1972";6;29
2018;"Switzerland";"D";"female";"1960-12-22";"1960";12;22
2018;"Switzerland";"E";"male";"1995-10-05";"1995";10;5
2018;"United-kingdom";"A";"male";"1975-06-04";"1975";6;4
2018;"United-kingdom";"B";"female";"1974-06-03";"1974";6;3
2018;"United-kingdom";"C";"female";"1998-11-26";"1998";11;26
2018;"United-kingdom";"D";"male";"1995-01-03";"1995";1;3
2018;"United-kingdom";"E";"female";"1998-01-09";"1998";1;9
2018;"Australia";"A";"male";"1954-06-19";"1954";6;19
2018;"Australia";"B";"female";"1982-01-25";"1982";1;25
2018;"Australia";"C";"male";"1988-10-12";"1988";10;12
2018;"Australia";"D";"female";"1978-03-22";"1978";3;22
2018;"Australia";"E";"female";"1972-06-06";"1972";6;6
2018;"Denmark";"A";"male";"1978-05-29";"1978";5;29
2018;"Denmark";"B";"female";"1961-12-02";"1961";12;2
2018;"Denmark";"C";"female";"1993-02-28";"1993";2;28
2018;"Denmark";"D";"female";"1973-10-19";"1973";10;19
2018;"Denmark";"E";"male";"1998-07-06";"1998";7;6
2018;"France";"A";"female";"1975-09-13";"1975";9;13
2018;"France";"B";"female";"1988-05-13";"1988";5;13
2018;"France";"C";"female";"1987-10-22";"1987";10;22
2018;"France";"D";"male";"1980-03-18";"1980";3;18
2018;"France";"E";"male";"1982-02-02";"1982";2;2
2018;"Georgia";"A";"male";"1958-12-02";"1958";12;2
2018;"Georgia";"B";"male";"1960-12-02";"1960";12;2
2018;"Georgia";"C";"female";"1962-09-08";"1962";9;8
2018;"Georgia";"D";"female";"1984-07-09";"1984";7;9
2018;"Georgia";"E";"male";"1977-07-04";"1977";7;4
2018;"Germany";"A";"female";"1949-01-09";"1949";1;9
2018;"Germany";"B";"male";"1988-10-03";"1988";10;3
2018;"Germany";"C";"male";"1973-02-22";"1973";2;22
2018;"Germany";"D";"male";"2000-01-20";"2000";1;20
2018;"Germany";"E";"female";"1995-07-14";"1995";7;14
2018;"Hungary";"A";"male";"1951-08-19";"1951";8;19
2018;"Hungary";"B";"male";"1974-07-31";"1974";7;31
2018;"Hungary";"C";"female";"1976-07-07";"1976";7;7
2018;"Hungary";"D";"female";"1961-06-05";"1961";6;5
2018;"Hungary";"E";"male";"1974-06-12";"1974";6;12
2018;"Italy";"A";"female";"1969-06-26";"1969";6;26
2018;"Italy";"B";"male";"1959-11-24";"1959";11;24
2018;"Italy";"C";"female";"1965-04-03";"1965";4;3
2018;"Italy";"D";"male";"1969-04-16";"1969";4;16
2018;"Italy";"E";"female";"1969-06-27";"1969";6;27
2018;"Latvia";"A";"male";"1962-02-07";"1962";2;7
2018;"Latvia";"B";"male";"1995-05-15";"1995";5;15
2018;"Latvia";"C";"female";"1993-01-09";"1993";1;9
2018;"Latvia";"D";"female";"1987-01-21";"1987";1;21
2018;"Latvia";"E";"female";"1979-07-06";"1979";7;6
2018;"Malta";"A";"male";"1981-03-18";"1981";3;18
2018;"Malta";"B";"female";"1983-10-29";"1983";10;29
2018;"Malta";"C";"male";"1967-07-29";"1967";7;29
2018;"Malta";"D";"female";"1991-05-26";"1991";5;26
2018;"Malta";"E";"male";"1978-12-07";"1978";12;7
2018;"Moldova";"A";"male";"1953-01-01";"1953";1;1
2018;"Moldova";"B";"female";"1981-03-03";"1981";3;3
2018;"Moldova";"C";"female";"1990-03-26";"1990";3;26
2018;"Moldova";"D";"male";"1987-01-16";"1987";1;16
2018;"Moldova";"E";"female";"1982-05-18";"1982";5;18
2018;"Montenegro";"A";"female";"1990-09-20";"1990";9;20
2018;"Montenegro";"B";"female";"1985-04-20";"1985";4;20
2018;"Montenegro";"C";"male";"1973-11-18";"1973";11;18
2018;"Montenegro";"D";"female";"1963-04-05";"1963";4;5
2018;"Montenegro";"E";"male";"1977-02-10";"1977";2;10
2018;"Norway";"A";"male";"1987-06-09";"1987";6;9
2018;"Norway";"B";"male";"1981-12-20";"1981";12;20
2018;"Norway";"C";"female";"1999-09-26";"1999";9;26
2018;"Norway";"D";"female";"1975-10-14";"1975";10;14
2018;"Norway";"E";"female";"1961-12-14";"1961";12;14
2018;"Poland";"A";"female";"1959-02-21";"1959";2;21
2018;"Poland";"B";"male";"1990-11-26";"1990";11;26
2018;"Poland";"C";"female";"1995-04-20";"1995";4;20
2018;"Poland";"D";"male";"1985-05-11";"1985";5;11
2018;"Poland";"E";"male";"1980-09-17";"1980";9;17
2018;"Romania";"A";"male";"1971-02-12";"1971";2;12
2018;"Romania";"B";"female";"1968-02-17";"1968";2;17
2018;"Romania";"C";"female";"1951-11-22";"1951";11;22
2018;"Romania";"D";"male";"1955-11-01";"1955";11;1
2018;"Romania";"E";"male";"1965-11-09";"1965";11;9
2018;"Russia";"A";"female";"1975-01-02";"1975";1;2
2018;"Russia";"B";"female";"1989-12-24";"1989";12;24
2018;"Russia";"C";"male";"1952-05-14";"1952";5;14
2018;"Russia";"D";"male";"1973-09-03";"1973";9;3
2018;"Russia";"E";"male";"1967-10-22";"1967";10;22
2018;"San-marino";"A";"male";"1963-12-04";"1963";12;4
2018;"San-marino";"B";"female";"1994-08-31";"1994";8;31
2018;"San-marino";"C";"female";"1998-09-14";"1998";9;14
2018;"San-marino";"D";"male";"1989-06-12";"1989";6;12
2018;"San-marino";"E";"male";"1988-07-24";"1988";7;24
2018;"Serbia";"A";"female";"1986-06-24";"1986";6;24
2018;"Serbia";"B";"male";"1959-11-04";"1959";11;4
2018;"Serbia";"C";"female";"1978-03-01";"1978";3;1
2018;"Serbia";"D";"male";"1949-04-27";"1949";4;27
2018;"Serbia";"E";"male";"1960-02-15";"1960";2;15
2018;"Slovenia";"A";"female";"1996-04-26";"1996";4;26
2018;"Slovenia";"B";"male";"1976-02-20";"1976";2;20
2018;"Slovenia";"C";"male";"1966-12-25";"1966";12;25
2018;"Slovenia";"D";"male";"1983-11-19";"1983";11;19
2018;"Slovenia";"E";"female";"1964-11-05";"1964";11;5
2018;"Sweden";"A";"female";"1983-01-23";"1983";1;23
2018;"Sweden";"B";"female";"1974-08-27";"1974";8;27
2018;"Sweden";"C";"female";"1991-11-17";"1991";11;17
2018;"Sweden";"D";"male";"1979-07-30";"1979";7;30
2018;"Sweden";"E";"male";"1976-02-02";"1976";2;2
2018;"The-netherlands";"A";"male";"1982-03-19";"1982";3;19
2018;"The-netherlands";"B";"male";"1971-10-15";"1971";10;15
2018;"The-netherlands";"C";"female";"1974-07-12";"1974";7;12
2018;"The-netherlands";"D";"male";"1963-03-06";"1963";3;6
2018;"The-netherlands";"E";"female";"1979-04-25";"1979";4;25
2018;"Ukraine";"A";"male";"1988-04-24";"1988";4;24
2018;"Ukraine";"B";"male";"1981-05-26";"1981";5;26
2018;"Ukraine";"C";"male";"1966-09-04";"1966";9;4
2018;"Ukraine";"D";"female";"1984-10-19";"1984";10;19
2018;"Ukraine";"E";"female";"1993-01-17";"1993";1;17
2018;"Albania";"A";"male";"1973-04-05";"1973";4;5
2018;"Albania";"B";"male";"1966-06-29";"1966";6;29
2018;"Albania";"C";"male";"1975-05-25";"1975";5;25
2018;"Albania";"D";"female";"1987-03-13";"1987";3;13
2018;"Albania";"E";"female";"1987-06-08";"1987";6;8
2018;"Armenia";"A";"male";"1981-03-28";"1981";3;28
2018;"Armenia";"B";"male";"1968-01-24";"1968";1;24
2018;"Armenia";"C";"male";"1972-08-10";"1972";8;10
2018;"Armenia";"D";"female";"1995-02-07";"1995";2;7
2018;"Armenia";"E";"female";"1963-11-09";"1963";11;9
2018;"Australia";"A";"male";"1954-06-19";"1954";6;19
2018;"Australia";"B";"female";"1982-01-25";"1982";1;25
2018;"Australia";"C";"male";"1988-10-12";"1988";10;12
2018;"Australia";"D";"female";"1978-03-22";"1978";3;22
2018;"Australia";"E";"female";"1972-06-06";"1972";6;6
2018;"Austria";"A";"female";"1967-10-14";"1967";10;14
2018;"Austria";"B";"male";"1977-06-25";"1977";6;25
2018;"Austria";"C";"female";"1984-09-29";"1984";9;29
2018;"Austria";"D";"male";"1992-04-04";"1992";4;4
2018;"Austria";"E";"male";"1980-03-12";"1980";3;12
2018;"Azerbaijan";"A";"male";"1971-12-29";"1971";12;29
2018;"Azerbaijan";"B";"male";"1948-01-30";"1948";1;30
2018;"Azerbaijan";"C";"female";"1982-07-06";"1982";7;6
2018;"Azerbaijan";"D";"female";"1948-06-09";"1948";6;9
2018;"Azerbaijan";"E";"female";"1988-09-24";"1988";9;24
2018;"Belarus";"A";"female";"1970-12-23";"1970";12;23
2018;"Belarus";"B";"male";"1973-09-18";"1973";9;18
2018;"Belarus";"C";"male";"1980-05-26";"1980";5;26
2018;"Belarus";"D";"female";"1967-07-27";"1967";7;27
2018;"Belarus";"E";"female";"1966-01-09";"1966";1;9
2018;"Belgium";"A";"male";"1988-06-28";"1988";6;28
2018;"Belgium";"B";"female";"1996-08-19";"1996";8;19
2018;"Belgium";"C";"male";"1989-11-25";"1989";11;25
2018;"Belgium";"D";"male";"1961-11-29";"1961";11;29
2018;"Belgium";"E";"female";"1975-07-19";"1975";7;19
2018;"Bulgaria";"A";"male";"1986-09-23";"1986";9;23
2018;"Bulgaria";"B";"female";"1973-02-10";"1973";2;10
2018;"Bulgaria";"C";"female";"1979-01-12";"1979";1;12
2018;"Bulgaria";"D";"female";"1963-05-05";"1963";5;5
2018;"Bulgaria";"E";"male";"1973-06-18";"1973";6;18
2018;"Croatia";"A";"female";"1944-01-16";"1944";1;16
2018;"Croatia";"B";"female";"1993-04-08";"1993";4;8
2018;"Croatia";"C";"male";"1961-09-09";"1961";9;9
2018;"Croatia";"D";"male";"1976-01-30";"1976";1;30
2018;"Croatia";"E";"male";"1969-08-22";"1969";8;22
2018;"Cyprus";"A";"male";"1970-08-23";"1970";8;23
2018;"Cyprus";"B";"male";"1977-12-31";"1977";12;31
2018;"Cyprus";"C";"female";"1972-09-15";"1972";9;15
2018;"Cyprus";"D";"female";"1988-10-25";"1988";10;25
2018;"Cyprus";"E";"male";"1976-04-20";"1976";4;20
2018;"Czech-republic";"A";"male";"1961-11-09";"1961";11;9
2018;"Czech-republic";"B";"male";"1971-06-21";"1971";6;21
2018;"Czech-republic";"C";"female";"1984-04-26";"1984";4;26
2018;"Czech-republic";"D";"female";"1991-02-15";"1991";2;15
2018;"Czech-republic";"E";"male";"1985-11-22";"1985";11;22
2018;"Denmark";"A";"male";"1978-05-29";"1978";5;29
2018;"Denmark";"B";"female";"1961-12-02";"1961";12;2
2018;"Denmark";"C";"female";"1993-02-28";"1993";2;28
2018;"Denmark";"D";"female";"1973-10-19";"1973";10;19
2018;"Denmark";"E";"male";"1998-07-06";"1998";7;6
2018;"Estonia";"A";"female";"1966-10-02";"1966";10;2
2018;"Estonia";"B";"male";"1958-08-07";"1958";8;7
2018;"Estonia";"C";"female";"1993-09-03";"1993";9;3
2018;"Estonia";"D";"male";"2001-07-11";"2001";7;11
2018;"Estonia";"E";"male";"1991-01-24";"1991";1;24
2018;"Finland";"A";"female";"1981-02-12";"1981";2;12
2018;"Finland";"B";"female";"1959-08-19";"1959";8;19
2018;"Finland";"C";"male";"1962-08-07";"1962";8;7
2018;"Finland";"D";"male";"1992-07-19";"1992";7;19
2018;"Finland";"E";"female";"1993-08-08";"1993";8;8
2018;"France";"A";"female";"1975-09-13";"1975";9;13
2018;"France";"B";"female";"1988-05-13";"1988";5;13
2018;"France";"C";"female";"1987-10-22";"1987";10;22
2018;"France";"D";"male";"1980-03-18";"1980";3;18
2018;"France";"E";"male";"1982-02-02";"1982";2;2
2018;"Georgia";"A";"male";"1960-12-02";"1960";12;2
2018;"Georgia";"B";"female";"1962-09-08";"1962";9;8
2018;"Georgia";"C";"female";"1984-07-09";"1984";7;9
2018;"Georgia";"D";"male";"1977-07-04";"1977";7;4
2018;"Georgia";"E";"female";"1984-08-29";"1984";8;29
2018;"Germany";"A";"female";"1949-01-09";"1949";1;9
2018;"Germany";"B";"male";"1988-10-03";"1988";10;3
2018;"Germany";"C";"male";"1973-02-22";"1973";2;22
2018;"Germany";"D";"male";"2000-01-20";"2000";1;20
2018;"Germany";"E";"female";"1995-07-14";"1995";7;14
2018;"Greece";"A";"male";"1983-11-08";"1983";11;8
2018;"Greece";"B";"male";"1964-06-10";"1964";6;10
2018;"Greece";"C";"male";"1978-02-06";"1978";2;6
2018;"Greece";"D";"female";"1990-02-02";"1990";2;2
2018;"Greece";"E";"female";"1981-02-27";"1981";2;27
2018;"Hungary";"A";"male";"1951-08-19";"1951";8;19
2018;"Hungary";"B";"male";"1974-07-31";"1974";7;31
2018;"Hungary";"C";"female";"1976-07-07";"1976";7;7
2018;"Hungary";"D";"female";"1961-06-05";"1961";6;5
2018;"Hungary";"E";"male";"1974-06-12";"1974";6;12
2018;"Iceland";"A";"male";"1982-08-30";"1982";8;30
2018;"Iceland";"B";"male";"1975-11-08";"1975";11;8
2018;"Iceland";"C";"male";"1958-06-17";"1958";6;17
2018;"Iceland";"D";"female";"1982-07-08";"1982";7;8
2018;"Iceland";"E";"female";"1981-09-04";"1981";9;4
2018;"Ireland";"A";"male";"1961-04-19";"1961";4;19
2018;"Ireland";"B";"female";"1968-02-13";"1968";2;13
2018;"Ireland";"C";"male";"1987-12-19";"1987";12;19
2018;"Ireland";"D";"female";"1983-05-26";"1983";5;26
2018;"Ireland";"E";"male";"1990-02-25";"1990";2;25
2018;"Israel";"A";"male";"1977-05-17";"1977";5;17
2018;"Israel";"B";"female";"1979-10-18";"1979";10;18
2018;"Israel";"C";"male";"1962-09-25";"1962";9;25
2018;"Israel";"D";"male";"1958-09-27";"1958";9;27
2018;"Israel";"E";"male";"1977-06-17";"1977";6;17
2018;"Italy";"A";"female";"1969-06-26";"1969";6;26
2018;"Italy";"B";"male";"1959-11-24";"1959";11;24
2018;"Italy";"C";"female";"1965-04-03";"1965";4;3
2018;"Italy";"D";"male";"1969-04-16";"1969";4;16
2018;"Italy";"E";"female";"1969-06-27";"1969";6;27
2018;"Latvia";"A";"male";"1962-02-07";"1962";2;7
2018;"Latvia";"B";"male";"1995-05-15";"1995";5;15
2018;"Latvia";"C";"female";"1993-01-09";"1993";1;9
2018;"Latvia";"D";"female";"1987-01-21";"1987";1;21
2018;"Latvia";"E";"female";"1979-07-06";"1979";7;6
2018;"Lithuania";"A";"female";"1980-02-10";"1980";2;10
2018;"Lithuania";"B";"female";"1986-09-12";"1986";9;12
2018;"Lithuania";"C";"male";"1952-06-01";"1952";6;1
2018;"Lithuania";"D";"male";"1981-02-22";"1981";2;22
2018;"Lithuania";"E";"male";"1979-10-25";"1979";10;25
2018;"Malta";"A";"male";"1981-03-18";"1981";3;18
2018;"Malta";"B";"female";"1983-10-29";"1983";10;29
2018;"Malta";"C";"male";"1967-07-29";"1967";7;29
2018;"Malta";"D";"female";"1991-05-26";"1991";5;26
2018;"Malta";"E";"male";"1978-12-07";"1978";12;7
2018;"Moldova";"A";"male";"1953-01-01";"1953";1;1
2018;"Moldova";"B";"female";"1981-03-03";"1981";3;3
2018;"Moldova";"C";"female";"1990-03-26";"1990";3;26
2018;"Moldova";"D";"male";"1987-01-16";"1987";1;16
2018;"Moldova";"E";"female";"1982-05-18";"1982";5;18
2018;"Montenegro";"A";"female";"1990-09-20";"1990";9;20
2018;"Montenegro";"B";"female";"1985-04-20";"1985";4;20
2018;"Montenegro";"C";"male";"1973-11-18";"1973";11;18
2018;"Montenegro";"D";"female";"1963-04-05";"1963";4;5
2018;"Montenegro";"E";"male";"1977-02-10";"1977";2;10
2018;"Fyr-macedonia";"A";"male";"1984-01-23";"1984";1;23
2018;"Fyr-macedonia";"B";"female";"1985-11-25";"1985";11;25
2018;"Fyr-macedonia";"C";"male";"1946-11-27";"1946";11;27
2018;"Fyr-macedonia";"D";"male";"1967-04-15";"1967";4;15
2018;"Fyr-macedonia";"E";"female";"1964-02-25";"1964";2;25
2018;"Norway";"A";"male";"1987-06-09";"1987";6;9
2018;"Norway";"B";"male";"1981-12-20";"1981";12;20
2018;"Norway";"C";"female";"1999-09-26";"1999";9;26
2018;"Norway";"D";"female";"1975-10-14";"1975";10;14
2018;"Norway";"E";"female";"1961-12-14";"1961";12;14
2018;"Poland";"A";"female";"1959-02-21";"1959";2;21
2018;"Poland";"B";"male";"1990-11-26";"1990";11;26
2018;"Poland";"C";"female";"1995-04-20";"1995";4;20
2018;"Poland";"D";"male";"1985-05-11";"1985";5;11
2018;"Poland";"E";"male";"1980-09-17";"1980";9;17
2018;"Portugal";"A";"male";"1968-02-13";"1968";2;13
2018;"Portugal";"B";"female";"1984-03-04";"1984";3;4
2018;"Portugal";"C";"female";"1976-09-22";"1976";9;22
2018;"Portugal";"D";"male";"1986-05-24";"1986";5;24
2018;"Portugal";"E";"male";"1978-07-03";"1978";7;3
2018;"Romania";"A";"male";"1971-02-12";"1971";2;12
2018;"Romania";"B";"female";"1968-02-17";"1968";2;17
2018;"Romania";"C";"female";"1951-11-22";"1951";11;22
2018;"Romania";"D";"male";"1955-11-01";"1955";11;1
2018;"Romania";"E";"male";"1965-11-09";"1965";11;9
2018;"Russia";"A";"female";"1975-01-02";"1975";1;2
2018;"Russia";"B";"female";"1989-12-24";"1989";12;24
2018;"Russia";"C";"male";"1952-05-14";"1952";5;14
2018;"Russia";"D";"male";"1973-09-03";"1973";9;3
2018;"Russia";"E";"male";"1967-10-22";"1967";10;22
2018;"San-marino";"A";"male";"1963-12-04";"1963";12;4
2018;"San-marino";"B";"female";"1994-08-31";"1994";8;31
2018;"San-marino";"C";"female";"1998-09-14";"1998";9;14
2018;"San-marino";"D";"male";"1989-06-12";"1989";6;12
2018;"San-marino";"E";"male";"1988-07-24";"1988";7;24
2018;"Serbia";"A";"female";"1986-06-24";"1986";6;24
2018;"Serbia";"B";"male";"1959-11-04";"1959";11;4
2018;"Serbia";"C";"female";"1978-03-01";"1978";3;1
2018;"Serbia";"D";"male";"1949-04-27";"1949";4;27
2018;"Serbia";"E";"male";"1960-02-15";"1960";2;15
2018;"Slovenia";"A";"female";"1996-04-26";"1996";4;26
2018;"Slovenia";"B";"male";"1976-02-20";"1976";2;20
2018;"Slovenia";"C";"male";"1966-12-25";"1966";12;25
2018;"Slovenia";"D";"male";"1983-11-19";"1983";11;19
2018;"Slovenia";"E";"female";"1964-11-05";"1964";11;5
2018;"Spain";"A";"male";"1966-02-17";"1966";2;17
2018;"Spain";"B";"female";"1991-02-20";"1991";2;20
2018;"Spain";"C";"female";"1996-09-30";"1996";9;30
2018;"Spain";"D";"male";"1993-09-30";"1993";9;30
2018;"Spain";"E";"female";"1981-03-03";"1981";3;3
2018;"Sweden";"A";"female";"1983-01-23";"1983";1;23
2018;"Sweden";"B";"female";"1974-08-27";"1974";8;27
2018;"Sweden";"C";"female";"1991-11-17";"1991";11;17
2018;"Sweden";"D";"male";"1979-07-30";"1979";7;30
2018;"Sweden";"E";"male";"1976-02-02";"1976";2;2
2018;"Switzerland";"A";"male";"1980-11-08";"1980";11;8
2018;"Switzerland";"B";"female";"1988-05-10";"1988";5;10
2018;"Switzerland";"C";"male";"1972-06-29";"1972";6;29
2018;"Switzerland";"D";"female";"1960-12-22";"1960";12;22
2018;"Switzerland";"E";"male";"1995-10-05";"1995";10;5
2018;"The-netherlands";"A";"male";"1982-03-19";"1982";3;19
2018;"The-netherlands";"B";"male";"1971-10-15";"1971";10;15
2018;"The-netherlands";"C";"female";"1974-07-12";"1974";7;12
2018;"The-netherlands";"D";"male";"1963-03-06";"1963";3;6
2018;"The-netherlands";"E";"female";"1979-04-25";"1979";4;25
2018;"Ukraine";"A";"male";"1988-04-24";"1988";4;24
2018;"Ukraine";"B";"male";"1981-05-26";"1981";5;26
2018;"Ukraine";"C";"male";"1966-09-04";"1966";9;4
2018;"Ukraine";"D";"female";"1984-10-19";"1984";10;19
2018;"Ukraine";"E";"female";"1993-01-17";"1993";1;17
2018;"United-kingdom";"A";"male";"1975-06-04";"1975";6;4
2018;"United-kingdom";"B";"female";"1974-06-03";"1974";6;3
2018;"United-kingdom";"C";"female";"1998-11-26";"1998";11;26
2018;"United-kingdom";"D";"male";"1995-01-03";"1995";1;3
2018;"United-kingdom";"E";"female";"1998-01-09";"1998";1;9
2017;"Albania";"A";"male";"1952-05-08";"1952";5;8
2017;"Albania";"B";"female";"1991-09-13";"1991";9;13
2017;"Albania";"C";"male";"1967-07-18";"1967";7;18
2017;"Albania";"D";"female";"1984-03-21";"1984";3;21
2017;"Albania";"E";"female";"1985-07-25";"1985";7;25
2017;"Armenia";"A";"male";"1960-04-19";"1960";4;19
2017;"Armenia";"B";"female";"1986-11-03";"1986";11;3
2017;"Armenia";"C";"male";"1971-05-06";"1971";5;6
2017;"Armenia";"D";"male";"1985-05-16";"1985";5;16
2017;"Armenia";"E";"female";"1975-12-27";"1975";12;27
2017;"Australia";"A";"male";"1972-05-17";"1972";5;17
2017;"Australia";"B";"female";"1981-11-17";"1981";11;17
2017;"Australia";"C";"female";"1971-11-06";"1971";11;6
2017;"Australia";"D";"male";"1984-03-27";"1984";3;27
2017;"Australia";"E";"female";"1977-08-02";"1977";8;2
2017;"Azerbaijan";"A";"male";"1948-02-10";"1948";2;10
2017;"Azerbaijan";"B";"female";"1947-01-18";"1947";1;18
2017;"Azerbaijan";"C";"male";"1966-04-30";"1966";4;30
2017;"Azerbaijan";"D";"female";"1977-07-04";"1977";7;4
2017;"Azerbaijan";"E";"male";"1978-07-12";"1978";7;12
2017;"Belgium";"A";"male";"1987-08-21";"1987";8;21
2017;"Belgium";"B";"female";"1987-05-10";"1987";5;10
2017;"Belgium";"C";"male";"1978-02-16";"1978";2;16
2017;"Belgium";"D";"male";"1964-06-13";"1964";6;13
2017;"Belgium";"E";"female";"1998-01-22";"1998";1;22
2017;"Cyprus";"A";"male";"1988-05-10";"1988";5;10
2017;"Cyprus";"B";"male";"1979-09-16";"1979";9;16
2017;"Cyprus";"C";"female";"1980-02-18";"1980";2;18
2017;"Cyprus";"D";"female";"1969-04-05";"1969";4;5
2017;"Cyprus";"E";"male";"1960-07-31";"1960";7;31
2017;"Czech-republic";"A";"male";"1968-01-21";"1968";1;21
2017;"Czech-republic";"B";"male";"1980-10-12";"1980";10;12
2017;"Czech-republic";"C";"female";"1978-05-31";"1978";5;31
2017;"Czech-republic";"D";"female";"1994-08-06";"1994";8;6
2017;"Czech-republic";"E";"female";"1987-10-26";"1987";10;26
2017;"Finland";"A";"female";"1979-08-09";"1979";8;9
2017;"Finland";"B";"male";"1981-06-10";"1981";6;10
2017;"Finland";"C";"male";"1970-02-19";"1970";2;19
2017;"Finland";"D";"female";"1958-11-10";"1958";11;10
2017;"Finland";"E";"male";"1994-06-08";"1994";6;8
2017;"Georgia";"A";"female";"1974-04-11";"1974";4;11
2017;"Georgia";"B";"male";"1982-05-25";"1982";5;25
2017;"Georgia";"C";"female";"1969-03-03";"1969";3;3
2017;"Georgia";"D";"female";"1978-09-24";"1978";9;24
2017;"Georgia";"E";"male";"1970-06-24";"1970";6;24
2017;"Greece";"A";"female";"1989-08-14";"1989";8;14
2017;"Greece";"B";"female";"1965-11-01";"1965";11;1
2017;"Greece";"C";"male";"1980-02-09";"1980";2;9
2017;"Greece";"D";"male";"1972-05-21";"1972";5;21
2017;"Greece";"E";"male";"1993-11-18";"1993";11;18
2017;"Iceland";"A";"female";"1957-05-12";"1957";5;12
2017;"Iceland";"B";"female";"1975-09-30";"1975";9;30
2017;"Iceland";"C";"male";"1965-02-20";"1965";2;20
2017;"Iceland";"D";"male";"1971-10-21";"1971";10;21
2017;"Iceland";"E";"female";"1992-08-20";"1992";8;20
2017;"Italy";"A";"male";"1967-06-16";"1967";6;16
2017;"Italy";"B";"male";"1985-07-05";"1985";7;5
2017;"Italy";"C";"female";"1975-04-30";"1975";4;30
2017;"Italy";"D";"female";"1974-07-07";"1974";7;7
2017;"Italy";"E";"male";"1966-04-25";"1966";4;25
2017;"Latvia";"A";"male";"1980-11-01";"1980";11;1
2017;"Latvia";"B";"female";"1958-04-22";"1958";4;22
2017;"Latvia";"C";"male";"1982-03-19";"1982";3;19
2017;"Latvia";"D";"male";"1985-06-12";"1985";6;12
2017;"Latvia";"E";"female";"1991-06-09";"1991";6;9
2017;"Moldova";"A";"male";"1987-11-11";"1987";11;11
2017;"Moldova";"B";"female";"1974-10-28";"1974";10;28
2017;"Moldova";"C";"female";"1984-02-26";"1984";2;26
2017;"Moldova";"D";"male";"1986-03-13";"1986";3;13
2017;"Moldova";"E";"female";"1973-01-08";"1973";1;8
2017;"Montenegro";"A";"male";"1972-05-11";"1972";5;11
2017;"Montenegro";"B";"male";"1985-04-24";"1985";4;24
2017;"Montenegro";"C";"female";"1989-01-29";"1989";1;29
2017;"Montenegro";"D";"male";"1962-11-07";"1962";11;7
2017;"Montenegro";"E";"female";"1985-05-06";"1985";5;6
2017;"Poland";"A";"male";"1983-04-03";"1983";4;3
2017;"Poland";"B";"female";"1975-09-21";"1975";9;21
2017;"Poland";"C";"male";"1965-01-31";"1965";1;31
2017;"Poland";"D";"male";"1969-05-26";"1969";5;26
2017;"Poland";"E";"female";"1980-04-29";"1980";4;29
2017;"Portugal";"A";"male";"1951-08-25";"1951";8;25
2017;"Portugal";"B";"male";"1970-11-25";"1970";11;25
2017;"Portugal";"C";"female";"1971-11-26";"1971";11;26
2017;"Portugal";"D";"female";"1978-06-09";"1978";6;9
2017;"Portugal";"E";"male";"1957-11-01";"1957";11;1
2017;"Slovenia";"A";"female";"1992-12-03";"1992";12;3
2017;"Slovenia";"B";"male";"1979-05-27";"1979";5;27
2017;"Slovenia";"C";"male";"1971-09-05";"1971";9;5
2017;"Slovenia";"D";"female";"1965-11-12";"1965";11;12
2017;"Slovenia";"E";"male";"1975-08-21";"1975";8;21
2017;"Spain";"A";"male";"1979-01-08";"1979";1;8
2017;"Spain";"B";"female";"1990-07-16";"1990";7;16
2017;"Spain";"C";"male";"1982-01-11";"1982";1;11
2017;"Spain";"D";"male";"1976-03-29";"1976";3;29
2017;"Spain";"E";"female";"1982-12-10";"1982";12;10
2017;"Sweden";"A";"male";"1964-08-23";"1964";8;23
2017;"Sweden";"B";"female";"1996-11-08";"1996";11;8
2017;"Sweden";"C";"female";"1980-01-02";"1980";1;2
2017;"Sweden";"D";"male";"1980-08-12";"1980";8;12
2017;"Sweden";"E";"male";"1970-03-22";"1970";3;22
2017;"United-kingdom";"A";"female";"1986-05-04";"1986";5;4
2017;"United-kingdom";"B";"female";"1985-06-02";"1985";6;2
2017;"United-kingdom";"C";"male";"1962-03-19";"1962";3;19
2017;"United-kingdom";"D";"male";"1987-06-17";"1987";6;17
2017;"United-kingdom";"E";"female";"1940-11-16";"1940";11;16
2017;"Austria";"A";"male";"1967-09-28";"1967";9;28
2017;"Austria";"B";"male";"1958-08-07";"1958";8;7
2017;"Austria";"C";"female";"1998-02-18";"1998";2;18
2017;"Austria";"D";"male";"1973-10-09";"1973";10;9
2017;"Austria";"E";"female";"1996-12-01";"1996";12;1
2017;"Belarus";"A";"female";"1975-05-29";"1975";5;29
2017;"Belarus";"B";"female";"1959-10-15";"1959";10;15
2017;"Belarus";"C";"female";"1980-05-04";"1980";5;4
2017;"Belarus";"D";"male";"1989-09-25";"1989";9;25
2017;"Belarus";"E";"male";"1963-08-11";"1963";8;11
2017;"Bulgaria";"A";"female";"1953-04-23";"1953";4;23
2017;"Bulgaria";"B";"male";"1979-04-23";"1979";4;23
2017;"Bulgaria";"C";"female";"1971-06-24";"1971";6;24
2017;"Bulgaria";"D";"male";"1980-07-04";"1980";7;4
2017;"Bulgaria";"E";"female";"1958-09-15";"1958";9;15
2017;"Croatia";"A";"male";"1960-04-06";"1960";4;6
2017;"Croatia";"B";"male";"1992-06-04";"1992";6;4
2017;"Croatia";"C";"male";"1980-02-12";"1980";2;12
2017;"Croatia";"D";"female";"1978-01-18";"1978";1;18
2017;"Croatia";"E";"female";"1963-05-09";"1963";5;9
2017;"Denmark";"A";"female";"1985-03-15";"1985";3;15
2017;"Denmark";"B";"male";"1973-09-28";"1973";9;28
2017;"Denmark";"C";"female";"1966-02-16";"1966";2;16
2017;"Denmark";"D";"male";"1957-09-26";"1957";9;26
2017;"Denmark";"E";"female";"1998-12-19";"1998";12;19
2017;"Estonia";"A";"male";"1970-04-08";"1970";4;8
2017;"Estonia";"B";"male";"1995-11-28";"1995";11;28
2017;"Estonia";"C";"female";"1993-02-03";"1993";2;3
2017;"Estonia";"D";"male";"1980-01-20";"1980";1;20
2017;"Estonia";"E";"female";"1957-09-07";"1957";9;7
2017;"France";"A";"male";"1986-08-13";"1986";8;13
2017;"France";"B";"female";"1992-05-20";"1992";5;20
2017;"France";"C";"male";"1985-11-19";"1985";11;19
2017;"France";"D";"male";"1986-06-13";"1986";6;13
2017;"France";"E";"female";"1982-05-17";"1982";5;17
2017;"Germany";"A";"female";"1964-10-25";"1964";10;25
2017;"Germany";"B";"female";"1973-06-11";"1973";6;11
2017;"Germany";"C";"male";"1978-08-15";"1978";8;15
2017;"Germany";"D";"male";"1993-01-21";"1993";1;21
2017;"Germany";"E";"male";"1966-08-20";"1966";8;20
2017;"Hungary";"A";"male";"1982-02-01";"1982";2;1
2017;"Hungary";"B";"male";"1964-04-23";"1964";4;23
2017;"Hungary";"C";"male";"1984-03-29";"1984";3;29
2017;"Hungary";"D";"female";"1974-12-30";"1974";12;30
2017;"Hungary";"E";"female";"1992-04-06";"1992";4;6
2017;"Ireland";"A";"male";"1982-07-25";"1982";7;25
2017;"Ireland";"B";"female";"1968-03-20";"1968";3;20
2017;"Ireland";"C";"female";"1970-10-08";"1970";10;8
2017;"Ireland";"D";"male";"1993-12-08";"1993";12;8
2017;"Ireland";"E";"female";"1990-01-06";"1990";1;6
2017;"Israel";"A";"male";"1976-07-23";"1976";7;23
2017;"Israel";"B";"male";"1979-08-13";"1979";8;13
2017;"Israel";"C";"male";"1944-04-15";"1944";4;15
2017;"Israel";"D";"female";"1966-05-20";"1966";5;20
2017;"Israel";"E";"female";"1988-05-09";"1988";5;9
2017;"Lithuania";"A";"male";"1949-04-08";"1949";4;8
2017;"Lithuania";"B";"female";"1979-01-06";"1979";1;6
2017;"Lithuania";"C";"female";"1901-12-29";"1901";12;29
2017;"Lithuania";"D";"male";"1983-04-10";"1983";4;10
2017;"Lithuania";"E";"male";"1976-04-30";"1976";4;30
2017;"Malta";"A";"male";"1978-11-18";"1978";11;18
2017;"Malta";"B";"female";"1996-05-22";"1996";5;22
2017;"Malta";"C";"male";"1971-03-28";"1971";3;28
2017;"Malta";"D";"female";"1976-09-25";"1976";9;25
2017;"Malta";"E";"male";"1977-06-22";"1977";6;22
2017;"Fyr-macedonia";"A";"male";"1967-01-21";"1967";1;21
2017;"Fyr-macedonia";"B";"female";"1984-08-04";"1984";8;4
2017;"Fyr-macedonia";"C";"male";"1986-10-24";"1986";10;24
2017;"Fyr-macedonia";"D";"female";"1965-01-04";"1965";1;4
2017;"Fyr-macedonia";"E";"female";"2001-01-21";"2001";1;21
2017;"Norway";"A";"male";"1988-08-12";"1988";8;12
2017;"Norway";"B";"male";"1971-03-04";"1971";3;4
2017;"Norway";"C";"female";"1991-06-08";"1991";6;8
2017;"Norway";"D";"female";"1951-10-15";"1951";10;15
2017;"Norway";"E";"male";"1978-10-29";"1978";10;29
2017;"Romania";"A";"female";"1968-10-17";"1968";10;17
2017;"Romania";"B";"male";"1976-12-16";"1976";12;16
2017;"Romania";"C";"male";"1967-10-09";"1967";10;9
2017;"Romania";"D";"female";"1979-12-25";"1979";12;25
2017;"Romania";"E";"male";"1980-02-18";"1980";2;18
2017;"San-marino";"A";"male";"1974-02-13";"1974";2;13
2017;"San-marino";"B";"male";"1974-03-23";"1974";3;23
2017;"San-marino";"C";"female";"1988-04-19";"1988";4;19
2017;"San-marino";"D";"male";"1977-01-05";"1977";1;5
2017;"San-marino";"E";"female";"1988-01-30";"1988";1;30
2017;"Serbia";"A";"female";"1974-08-22";"1974";8;22
2017;"Serbia";"B";"female";"1969-06-25";"1969";6;25
2017;"Serbia";"C";"male";"1947-05-05";"1947";5;5
2017;"Serbia";"D";"male";"1969-01-29";"1969";1;29
2017;"Serbia";"E";"female";"1979-11-24";"1979";11;24
2017;"Switzerland";"A";"male";"1971-10-16";"1971";10;16
2017;"Switzerland";"B";"male";"1969-02-15";"1969";2;15
2017;"Switzerland";"C";"female";"1961-05-03";"1961";5;3
2017;"Switzerland";"D";"female";"1984-07-25";"1984";7;25
2017;"Switzerland";"E";"male";"1957-09-09";"1957";9;9
2017;"The-netherlands";"A";"male";"1968-12-06";"1968";12;6
2017;"The-netherlands";"B";"male";"1968-10-11";"1968";10;11
2017;"The-netherlands";"C";"female";"1970-11-16";"1970";11;16
2017;"The-netherlands";"D";"female";"1979-03-01";"1979";3;1
2017;"The-netherlands";"E";"male";"1981-06-03";"1981";6;3
2017;"Ukraine";"A";"male";"1945-05-22";"1945";5;22
2017;"Ukraine";"B";"male";"1976-12-08";"1976";12;8
2017;"Ukraine";"C";"female";"1982-05-30";"1982";5;30
2017;"Ukraine";"D";"male";"1985-01-16";"1985";1;16
2017;"Ukraine";"E";"female";"1986-12-06";"1986";12;6
2017;"Albania";"A";"male";"1952-05-08";"1952";5;8
2017;"Albania";"B";"female";"1991-09-13";"1991";9;13
2017;"Albania";"C";"male";"1967-07-18";"1967";7;18
2017;"Albania";"D";"female";"1985-07-25";"1985";7;25
2017;"Albania";"E";"male";"1983-03-06";"1983";3;6
2017;"Armenia";"A";"male";"1960-04-19";"1960";4;19
2017;"Armenia";"B";"female";"1986-11-03";"1986";11;3
2017;"Armenia";"C";"male";"1985-05-16";"1985";5;16
2017;"Armenia";"D";"male";"1978-03-01";"1978";3;1
2017;"Armenia";"E";"female";"1975-12-27";"1975";12;27
2017;"Australia";"A";"male";"1972-05-17";"1972";5;17
2017;"Australia";"B";"female";"1981-11-17";"1981";11;17
2017;"Australia";"C";"female";"1971-11-06";"1971";11;6
2017;"Australia";"D";"male";"1984-03-27";"1984";3;27
2017;"Australia";"E";"female";"1977-08-02";"1977";8;2
2017;"Austria";"A";"male";"1967-09-28";"1967";9;28
2017;"Austria";"B";"male";"1958-08-07";"1958";8;7
2017;"Austria";"C";"female";"1998-02-18";"1998";2;18
2017;"Austria";"D";"male";"1973-10-09";"1973";10;9
2017;"Austria";"E";"female";"1996-12-01";"1996";12;1
2017;"Azerbaijan";"A";"male";"1948-02-10";"1948";2;10
2017;"Azerbaijan";"B";"female";"1947-01-18";"1947";1;18
2017;"Azerbaijan";"C";"male";"1966-04-30";"1966";4;30
2017;"Azerbaijan";"D";"male";"1978-07-12";"1978";7;12
2017;"Azerbaijan";"E";"male";"1982-06-27";"1982";6;27
2017;"Belarus";"A";"female";"1975-05-29";"1975";5;29
2017;"Belarus";"B";"female";"1959-10-15";"1959";10;15
2017;"Belarus";"C";"female";"1980-05-04";"1980";5;4
2017;"Belarus";"D";"male";"1989-09-25";"1989";9;25
2017;"Belarus";"E";"male";"1963-08-11";"1963";8;11
2017;"Belgium";"A";"male";"1987-08-21";"1987";8;21
2017;"Belgium";"B";"female";"1987-05-10";"1987";5;10
2017;"Belgium";"C";"male";"1978-02-16";"1978";2;16
2017;"Belgium";"D";"male";"1964-06-13";"1964";6;13
2017;"Belgium";"E";"female";"1998-01-22";"1998";1;22
2017;"Bulgaria";"A";"female";"1953-04-23";"1953";4;23
2017;"Bulgaria";"B";"male";"1979-04-23";"1979";4;23
2017;"Bulgaria";"C";"female";"1971-06-24";"1971";6;24
2017;"Bulgaria";"D";"male";"1980-07-04";"1980";7;4
2017;"Bulgaria";"E";"female";"1958-09-15";"1958";9;15
2017;"Croatia";"A";"male";"1960-04-06";"1960";4;6
2017;"Croatia";"B";"male";"1992-06-04";"1992";6;4
2017;"Croatia";"C";"male";"1980-02-12";"1980";2;12
2017;"Croatia";"D";"female";"1978-01-18";"1978";1;18
2017;"Croatia";"E";"female";"1963-05-09";"1963";5;9
2017;"Cyprus";"A";"male";"1988-05-10";"1988";5;10
2017;"Cyprus";"B";"male";"1979-09-16";"1979";9;16
2017;"Cyprus";"C";"female";"1980-02-18";"1980";2;18
2017;"Cyprus";"D";"female";"1969-04-05";"1969";4;5
2017;"Cyprus";"E";"male";"1960-07-31";"1960";7;31
2017;"Czech-republic";"A";"male";"1968-01-21";"1968";1;21
2017;"Czech-republic";"B";"male";"1980-10-12";"1980";10;12
2017;"Czech-republic";"C";"female";"1994-08-06";"1994";8;6
2017;"Czech-republic";"D";"female";"1987-10-26";"1987";10;26
2017;"Czech-republic";"E";"male";"1947-01-21";"1947";1;21
2017;"Denmark";"A";"female";"1985-03-15";"1985";3;15
2017;"Denmark";"B";"male";"1973-09-28";"1973";9;28
2017;"Denmark";"C";"female";"1966-02-16";"1966";2;16
2017;"Denmark";"D";"male";"1957-09-26";"1957";9;26
2017;"Denmark";"E";"female";"1998-12-19";"1998";12;19
2017;"Estonia";"A";"male";"1970-04-08";"1970";4;8
2017;"Estonia";"B";"male";"1995-11-28";"1995";11;28
2017;"Estonia";"C";"female";"1993-02-03";"1993";2;3
2017;"Estonia";"D";"male";"1980-01-20";"1980";1;20
2017;"Estonia";"E";"female";"1957-09-07";"1957";9;7
2017;"Finland";"A";"female";"1979-08-09";"1979";8;9
2017;"Finland";"B";"male";"1981-06-10";"1981";6;10
2017;"Finland";"C";"male";"1970-02-19";"1970";2;19
2017;"Finland";"D";"female";"1958-11-10";"1958";11;10
2017;"Finland";"E";"male";"1994-06-08";"1994";6;8
2017;"France";"A";"male";"1986-08-13";"1986";8;13
2017;"France";"B";"female";"1992-05-20";"1992";5;20
2017;"France";"C";"male";"1985-11-19";"1985";11;19
2017;"France";"D";"male";"1986-06-13";"1986";6;13
2017;"France";"E";"female";"1982-05-17";"1982";5;17
2017;"Georgia";"A";"female";"1974-04-11";"1974";4;11
2017;"Georgia";"B";"male";"1982-05-25";"1982";5;25
2017;"Georgia";"C";"female";"1969-03-03";"1969";3;3
2017;"Georgia";"D";"female";"1978-09-24";"1978";9;24
2017;"Georgia";"E";"male";"1970-06-24";"1970";6;24
2017;"Germany";"A";"female";"1964-10-25";"1964";10;25
2017;"Germany";"B";"female";"1973-06-11";"1973";6;11
2017;"Germany";"C";"male";"1978-08-15";"1978";8;15
2017;"Germany";"D";"male";"1993-01-21";"1993";1;21
2017;"Germany";"E";"male";"1966-08-20";"1966";8;20
2017;"Greece";"A";"female";"1989-08-14";"1989";8;14
2017;"Greece";"B";"female";"1965-11-01";"1965";11;1
2017;"Greece";"C";"male";"1980-02-09";"1980";2;9
2017;"Greece";"D";"male";"1972-05-21";"1972";5;21
2017;"Greece";"E";"male";"1993-11-18";"1993";11;18
2017;"Hungary";"A";"male";"1982-02-01";"1982";2;1
2017;"Hungary";"B";"male";"1964-04-23";"1964";4;23
2017;"Hungary";"C";"male";"1984-03-29";"1984";3;29
2017;"Hungary";"D";"female";"1974-12-30";"1974";12;30
2017;"Hungary";"E";"female";"1992-04-06";"1992";4;6
2017;"Iceland";"A";"female";"1957-05-12";"1957";5;12
2017;"Iceland";"B";"female";"1975-09-30";"1975";9;30
2017;"Iceland";"C";"male";"1965-02-20";"1965";2;20
2017;"Iceland";"D";"male";"1971-10-21";"1971";10;21
2017;"Iceland";"E";"female";"1992-08-20";"1992";8;20
2017;"Ireland";"A";"male";"1982-07-25";"1982";7;25
2017;"Ireland";"B";"female";"1968-03-20";"1968";3;20
2017;"Ireland";"C";"female";"1970-10-08";"1970";10;8
2017;"Ireland";"D";"male";"1993-12-08";"1993";12;8
2017;"Ireland";"E";"female";"1990-01-06";"1990";1;6
2017;"Israel";"A";"male";"1976-07-23";"1976";7;23
2017;"Israel";"B";"male";"1979-08-13";"1979";8;13
2017;"Israel";"C";"male";"1944-04-15";"1944";4;15
2017;"Israel";"D";"female";"1966-05-20";"1966";5;20
2017;"Israel";"E";"female";"1988-05-09";"1988";5;9
2017;"Italy";"A";"male";"1967-06-16";"1967";6;16
2017;"Italy";"B";"male";"1985-07-05";"1985";7;5
2017;"Italy";"C";"female";"1975-04-30";"1975";4;30
2017;"Italy";"D";"female";"1974-07-07";"1974";7;7
2017;"Italy";"E";"male";"1966-04-25";"1966";4;25
2017;"Latvia";"A";"male";"1980-11-01";"1980";11;1
2017;"Latvia";"B";"female";"1958-04-22";"1958";4;22
2017;"Latvia";"C";"male";"1982-03-19";"1982";3;19
2017;"Latvia";"D";"male";"1985-06-12";"1985";6;12
2017;"Latvia";"E";"female";"1991-06-09";"1991";6;9
2017;"Lithuania";"A";"male";"1949-04-08";"1949";4;8
2017;"Lithuania";"B";"female";"1979-01-06";"1979";1;6
2017;"Lithuania";"C";"female";"1901-12-29";"1901";12;29
2017;"Lithuania";"D";"male";"1983-04-10";"1983";4;10
2017;"Lithuania";"E";"male";"1976-04-30";"1976";4;30
2017;"Malta";"A";"male";"1978-11-18";"1978";11;18
2017;"Malta";"B";"female";"1996-05-22";"1996";5;22
2017;"Malta";"C";"male";"1971-03-28";"1971";3;28
2017;"Malta";"D";"female";"1976-09-25";"1976";9;25
2017;"Malta";"E";"male";"1977-06-22";"1977";6;22
2017;"Moldova";"A";"male";"1987-11-11";"1987";11;11
2017;"Moldova";"B";"female";"1974-10-28";"1974";10;28
2017;"Moldova";"C";"female";"1984-02-26";"1984";2;26
2017;"Moldova";"D";"female";"1973-01-08";"1973";1;8
2017;"Moldova";"E";"male";"1978-07-10";"1978";7;10
2017;"Montenegro";"A";"male";"1972-05-11";"1972";5;11
2017;"Montenegro";"B";"male";"1985-04-24";"1985";4;24
2017;"Montenegro";"C";"female";"1989-01-29";"1989";1;29
2017;"Montenegro";"D";"male";"1962-11-07";"1962";11;7
2017;"Montenegro";"E";"male";"1969-02-19";"1969";2;19
2017;"Fyr-macedonia";"A";"male";"1967-01-21";"1967";1;21
2017;"Fyr-macedonia";"B";"female";"1984-08-04";"1984";8;4
2017;"Fyr-macedonia";"C";"male";"1986-10-24";"1986";10;24
2017;"Fyr-macedonia";"D";"female";"1965-01-04";"1965";1;4
2017;"Fyr-macedonia";"E";"female";"2001-01-21";"2001";1;21
2017;"Norway";"A";"male";"1988-08-12";"1988";8;12
2017;"Norway";"B";"male";"1971-03-04";"1971";3;4
2017;"Norway";"C";"female";"1991-06-08";"1991";6;8
2017;"Norway";"D";"female";"1951-10-15";"1951";10;15
2017;"Norway";"E";"male";"1978-10-29";"1978";10;29
2017;"Poland";"A";"male";"1983-04-03";"1983";4;3
2017;"Poland";"B";"female";"1975-09-21";"1975";9;21
2017;"Poland";"C";"male";"1965-01-31";"1965";1;31
2017;"Poland";"D";"male";"1969-05-26";"1969";5;26
2017;"Poland";"E";"female";"1980-04-29";"1980";4;29
2017;"Portugal";"A";"male";"1951-08-25";"1951";8;25
2017;"Portugal";"B";"male";"1970-11-25";"1970";11;25
2017;"Portugal";"C";"female";"1971-11-26";"1971";11;26
2017;"Portugal";"D";"female";"1978-06-09";"1978";6;9
2017;"Portugal";"E";"male";"1957-11-01";"1957";11;1
2017;"Romania";"A";"female";"1968-10-17";"1968";10;17
2017;"Romania";"B";"male";"1976-12-16";"1976";12;16
2017;"Romania";"C";"male";"1967-10-09";"1967";10;9
2017;"Romania";"D";"female";"1979-12-25";"1979";12;25
2017;"Romania";"E";"male";"1980-02-18";"1980";2;18
2017;"San-marino";"A";"male";"1974-02-13";"1974";2;13
2017;"San-marino";"B";"female";"1988-04-19";"1988";4;19
2017;"San-marino";"C";"male";"1977-01-05";"1977";1;5
2017;"San-marino";"D";"female";"1988-01-30";"1988";1;30
2017;"San-marino";"E";"male";"1988-05-06";"1988";5;6
2017;"Serbia";"A";"female";"1974-08-22";"1974";8;22
2017;"Serbia";"B";"female";"1969-06-25";"1969";6;25
2017;"Serbia";"C";"male";"1947-05-05";"1947";5;5
2017;"Serbia";"D";"male";"1969-01-29";"1969";1;29
2017;"Serbia";"E";"female";"1979-11-24";"1979";11;24
2017;"Slovenia";"A";"female";"1992-12-03";"1992";12;3
2017;"Slovenia";"B";"male";"1979-05-27";"1979";5;27
2017;"Slovenia";"C";"male";"1971-09-05";"1971";9;5
2017;"Slovenia";"D";"female";"1965-11-12";"1965";11;12
2017;"Slovenia";"E";"male";"1975-08-21";"1975";8;21
2017;"Spain";"A";"male";"1979-01-08";"1979";1;8
2017;"Spain";"B";"female";"1990-07-16";"1990";7;16
2017;"Spain";"C";"male";"1982-01-11";"1982";1;11
2017;"Spain";"D";"male";"1976-03-29";"1976";3;29
2017;"Spain";"E";"female";"1982-12-10";"1982";12;10
2017;"Sweden";"A";"male";"1964-08-23";"1964";8;23
2017;"Sweden";"B";"female";"1996-11-08";"1996";11;8
2017;"Sweden";"C";"female";"1980-01-02";"1980";1;2
2017;"Sweden";"D";"male";"1980-08-12";"1980";8;12
2017;"Sweden";"E";"male";"1970-03-22";"1970";3;22
2017;"Switzerland";"A";"male";"1971-10-16";"1971";10;16
2017;"Switzerland";"B";"male";"1969-02-15";"1969";2;15
2017;"Switzerland";"C";"female";"1961-05-03";"1961";5;3
2017;"Switzerland";"D";"female";"1984-07-25";"1984";7;25
2017;"Switzerland";"E";"male";"1957-09-09";"1957";9;9
2017;"The-netherlands";"A";"male";"1968-12-06";"1968";12;6
2017;"The-netherlands";"B";"male";"1968-10-11";"1968";10;11
2017;"The-netherlands";"C";"female";"1970-11-16";"1970";11;16
2017;"The-netherlands";"D";"female";"1979-03-01";"1979";3;1
2017;"The-netherlands";"E";"male";"1981-06-03";"1981";6;3
2017;"Ukraine";"A";"male";"1945-05-22";"1945";5;22
2017;"Ukraine";"B";"male";"1976-12-08";"1976";12;8
2017;"Ukraine";"C";"female";"1982-05-30";"1982";5;30
2017;"Ukraine";"D";"male";"1985-01-16";"1985";1;16
2017;"Ukraine";"E";"female";"1986-12-06";"1986";12;6
2017;"United-kingdom";"A";"female";"1986-05-04";"1986";5;4
2017;"United-kingdom";"B";"female";"1985-06-02";"1985";6;2
2017;"United-kingdom";"C";"male";"1962-03-19";"1962";3;19
2017;"United-kingdom";"D";"male";"1987-06-17";"1987";6;17
2017;"United-kingdom";"E";"female";"1940-11-16";"1940";11;16
2016;"Armenia";"A";"male";"1973-08-25";"1973";8;25
2016;"Armenia";"B";"female";"1961-09-24";"1961";9;24
2016;"Armenia";"C";"male";"1988-06-05";"1988";6;5
2016;"Armenia";"D";"male";"1978-10-24";"1978";10;24
2016;"Armenia";"E";"male";"1986-08-26";"1986";8;26
2016;"Austria";"A";"male";"1980-10-17";"1980";10;17
2016;"Austria";"B";"female";"1982-03-23";"1982";3;23
2016;"Austria";"C";"male";"1976-01-12";"1976";1;12
2016;"Austria";"D";"male";"1979-11-22";"1979";11;22
2016;"Austria";"E";"male";"1967-04-30";"1967";4;30
2016;"Azerbaijan";"A";"female";"1949-03-17";"1949";3;17
2016;"Azerbaijan";"B";"female";"1965-09-15";"1965";9;15
2016;"Azerbaijan";"C";"male";"1984-07-26";"1984";7;26
2016;"Azerbaijan";"D";"male";"1975-03-29";"1975";3;29
2016;"Azerbaijan";"E";"female";"1965-08-06";"1965";8;6
2016;"Bosnia-herzegovina";"A";"female";"1968-03-10";"1968";3;10
2016;"Bosnia-herzegovina";"B";"male";"1992-08-09";"1992";8;9
2016;"Bosnia-herzegovina";"C";"male";"1972-11-02";"1972";11;2
2016;"Bosnia-herzegovina";"D";"male";"1963-12-30";"1963";12;30
2016;"Bosnia-herzegovina";"E";"female";"1958-07-22";"1958";7;22
2016;"Croatia";"A";"male";"1973-03-15";"1973";3;15
2016;"Croatia";"B";"female";"1993-09-02";"1993";9;2
2016;"Croatia";"C";"female";"1979-12-24";"1979";12;24
2016;"Croatia";"D";"female";"1987-05-24";"1987";5;24
2016;"Croatia";"E";"male";"1958-06-04";"1958";6;4
2016;"Cyprus";"A";"female";"1972-11-22";"1972";11;22
2016;"Cyprus";"B";"male";"1975-07-23";"1975";7;23
2016;"Cyprus";"C";"female";"1968-06-24";"1968";6;24
2016;"Cyprus";"D";"female";"1986-07-21";"1986";7;21
2016;"Cyprus";"E";"male";"1977-05-28";"1977";5;28
2016;"Czech-republic";"A";"male";"1966-03-28";"1966";3;28
2016;"Czech-republic";"B";"male";"1970-10-10";"1970";10;10
2016;"Czech-republic";"C";"male";"1947-08-26";"1947";8;26
2016;"Czech-republic";"D";"female";"1966-09-29";"1966";9;29
2016;"Czech-republic";"E";"female";"1969-08-09";"1969";8;9
2016;"Estonia";"A";"female";"1940-01-23";"1940";1;23
2016;"Estonia";"B";"male";"1964-04-06";"1964";4;6
2016;"Estonia";"C";"female";"1977-03-04";"1977";3;4
2016;"Estonia";"D";"female";"1992-12-12";"1992";12;12
2016;"Estonia";"E";"male";"1988-07-23";"1988";7;23
2016;"Finland";"A";"female";"1980-07-08";"1980";7;8
2016;"Finland";"B";"male";"1965-05-09";"1965";5;9
2016;"Finland";"C";"male";"1976-09-24";"1976";9;24
2016;"Finland";"D";"female";"1985-02-28";"1985";2;28
2016;"Finland";"E";"male";"1986-11-15";"1986";11;15
2016;"France";"A";"male";"1961-05-03";"1961";5;3
2016;"France";"B";"female";"1984-06-14";"1984";6;14
2016;"France";"C";"male";"1981-11-24";"1981";11;24
2016;"France";"D";"male";"1969-06-28";"1969";6;28
2016;"France";"E";"female";"1960-11-29";"1960";11;29
2016;"Greece";"A";"female";"1959-10-15";"1959";10;15
2016;"Greece";"B";"female";"1952-03-30";"1952";3;30
2016;"Greece";"C";"male";"1975-01-12";"1975";1;12
2016;"Greece";"D";"male";"1977-07-03";"1977";7;3
2016;"Greece";"E";"male";"1979-08-06";"1979";8;6
2016;"Hungary";"A";"male";"1982-02-14";"1982";2;14
2016;"Hungary";"B";"female";"1974-09-24";"1974";9;24
2016;"Hungary";"C";"male";"1976-10-16";"1976";10;16
2016;"Hungary";"D";"male";"1946-11-08";"1946";11;8
2016;"Hungary";"E";"male";"1970-07-18";"1970";7;18
2016;"Iceland";"A";"male";"1951-07-06";"1951";7;6
2016;"Iceland";"B";"female";"1958-03-08";"1958";3;8
2016;"Iceland";"C";"female";"1968-05-25";"1968";5;25
2016;"Iceland";"D";"female";"1995-12-11";"1995";12;11
2016;"Iceland";"E";"male";"1986-11-20";"1986";11;20
2016;"Malta";"A";"male";"1988-10-17";"1988";10;17
2016;"Malta";"B";"female";"1981-10-11";"1981";10;11
2016;"Malta";"C";"male";"1985-09-10";"1985";9;10
2016;"Malta";"D";"female";"1975-03-31";"1975";3;31
2016;"Malta";"E";"male";"1990-07-19";"1990";7;19
2016;"Moldova";"A";"male";"1962-07-18";"1962";7;18
2016;"Moldova";"B";"female";"1990-12-30";"1990";12;30
2016;"Moldova";"C";"male";"1989-02-12";"1989";2;12
2016;"Moldova";"D";"female";"1971-07-07";"1971";7;7
2016;"Moldova";"E";"male";"1986-02-13";"1986";2;13
2016;"Montenegro";"A";"female";"1985-06-17";"1985";6;17
2016;"Montenegro";"B";"male";"1965-01-27";"1965";1;27
2016;"Montenegro";"C";"male";"1972-04-13";"1972";4;13
2016;"Montenegro";"D";"male";"1967-04-24";"1967";4;24
2016;"Montenegro";"E";"female";"1988-01-06";"1988";1;6
2016;"Russia";"A";"male";"1976-02-17";"1976";2;17
2016;"Russia";"B";"female";"1980-04-21";"1980";4;21
2016;"Russia";"C";"female";"1945-09-24";"1945";9;24
2016;"Russia";"D";"male";"1974-08-11";"1974";8;11
2016;"San-marino";"A";"male";"1982-05-27";"1982";5;27
2016;"San-marino";"B";"female";"1988-08-30";"1988";8;30
2016;"San-marino";"C";"female";"1962-02-14";"1962";2;14
2016;"San-marino";"D";"male";"1990-12-20";"1990";12;20
2016;"San-marino";"E";"male";"1978-08-05";"1978";8;5
2016;"Spain";"A";"female";"1987-04-28";"1987";4;28
2016;"Spain";"B";"male";"1989-06-16";"1989";6;16
2016;"Spain";"C";"male";"1992-12-10";"1992";12;10
2016;"Spain";"D";"female";"1971-03-22";"1971";3;22
2016;"Spain";"E";"male";"1996-03-04";"1996";3;4
2016;"Sweden";"A";"female";"1976-09-29";"1976";9;29
2016;"Sweden";"B";"male";"1979-04-11";"1979";4;11
2016;"Sweden";"C";"male";"1993-08-07";"1993";8;7
2016;"Sweden";"D";"male";"1971-08-06";"1971";8;6
2016;"Sweden";"E";"female";"1998-08-13";"1998";8;13
2016;"The-netherlands";"A";"male";"1967-04-06";"1967";4;6
2016;"The-netherlands";"B";"female";"1955-01-03";"1955";1;3
2016;"The-netherlands";"C";"female";"1977-12-01";"1977";12;1
2016;"The-netherlands";"D";"male";"1969-04-24";"1969";4;24
2016;"The-netherlands";"E";"female";"1956-07-02";"1956";7;2
2016;"Albania";"A";"male";"1953-01-11";"1953";1;11
2016;"Albania";"B";"female";"1992-05-03";"1992";5;3
2016;"Albania";"C";"male";"1946-11-28";"1946";11;28
2016;"Albania";"D";"female";"1982-10-15";"1982";10;15
2016;"Albania";"E";"male";"1948-05-09";"1948";5;9
2016;"Australia";"A";"male";"1975-09-16";"1975";9;16
2016;"Australia";"B";"male";"1962-06-29";"1962";6;29
2016;"Australia";"C";"female";"1965-12-30";"1965";12;30
2016;"Australia";"D";"male";"1978-01-14";"1978";1;14
2016;"Australia";"E";"female";"1974-05-29";"1974";5;29
2016;"Belarus";"A";"female";"1978-06-20";"1978";6;20
2016;"Belarus";"B";"male";"1976-03-07";"1976";3;7
2016;"Belarus";"C";"male";"1966-11-06";"1966";11;6
2016;"Belarus";"D";"male";"1983-01-24";"1983";1;24
2016;"Belarus";"E";"female";"1980-05-16";"1980";5;16
2016;"Belgium";"A";"male";"1982-09-26";"1982";9;26
2016;"Belgium";"B";"male";"1976-07-19";"1976";7;19
2016;"Belgium";"C";"female";"1995-06-26";"1995";6;26
2016;"Belgium";"D";"female";"1956-01-31";"1956";1;31
2016;"Belgium";"E";"female";"1962-01-19";"1962";1;19
2016;"Bulgaria";"A";"male";"1946-08-13";"1946";8;13
2016;"Bulgaria";"B";"male";"1969-10-17";"1969";10;17
2016;"Bulgaria";"C";"female";"1986-05-23";"1986";5;23
2016;"Bulgaria";"D";"female";"1978-03-29";"1978";3;29
2016;"Bulgaria";"E";"male";"1966-09-10";"1966";9;10
2016;"Denmark";"A";"male";"1964-07-11";"1964";7;11
2016;"Denmark";"B";"male";"1983-07-30";"1983";7;30
2016;"Denmark";"C";"female";"1972-08-30";"1972";8;30
2016;"Denmark";"D";"female";"1946-06-19";"1946";6;19
2016;"Denmark";"E";"male";"1972-08-30";"1972";8;30
2016;"Georgia";"A";"male";"1984-01-07";"1984";1;7
2016;"Georgia";"B";"female";"1990-02-23";"1990";2;23
2016;"Georgia";"C";"male";"1967-11-17";"1967";11;17
2016;"Georgia";"D";"male";"1972-11-29";"1972";11;29
2016;"Georgia";"E";"female";"1989-07-08";"1989";7;8
2016;"Germany";"A";"female";"1991-09-07";"1991";9;7
2016;"Germany";"B";"male";"1971-12-07";"1971";12;7
2016;"Germany";"C";"male";"1972-02-28";"1972";2;28
2016;"Germany";"D";"female";"1980-06-13";"1980";6;13
2016;"Germany";"E";"female";"1970-11-18";"1970";11;18
2016;"Ireland";"A";"male";"1960-12-09";"1960";12;9
2016;"Ireland";"B";"female";"1998-03-08";"1998";3;8
2016;"Ireland";"C";"female";"1984-02-26";"1984";2;26
2016;"Ireland";"D";"female";"1966-06-16";"1966";6;16
2016;"Ireland";"E";"male";"1992-09-18";"1992";9;18
2016;"Israel";"A";"female";"1971-11-14";"1971";11;14
2016;"Israel";"B";"male";"1972-01-30";"1972";1;30
2016;"Israel";"C";"female";"1947-01-01";"1947";1;1
2016;"Israel";"D";"male";"1982-10-29";"1982";10;29
2016;"Israel";"E";"male";"1976-08-09";"1976";8;9
2016;"Italy";"A";"male";"1977-07-11";"1977";7;11
2016;"Italy";"B";"male";"1962-03-21";"1962";3;21
2016;"Italy";"C";"female";"1966-04-12";"1966";4;12
2016;"Italy";"D";"female";"1982-05-23";"1982";5;23
2016;"Italy";"E";"male";"1971-12-31";"1971";12;31
2016;"Latvia";"A";"male";"1971-02-14";"1971";2;14
2016;"Latvia";"B";"male";"1969-02-28";"1969";2;28
2016;"Latvia";"C";"female";"1987-03-13";"1987";3;13
2016;"Latvia";"D";"female";"1991-06-04";"1991";6;4
2016;"Latvia";"E";"male";"1984-01-06";"1984";1;6
2016;"Lithuania";"A";"male";"1986-03-21";"1986";3;21
2016;"Lithuania";"B";"female";"1967-01-23";"1967";1;23
2016;"Lithuania";"C";"female";"1974-02-13";"1974";2;13
2016;"Lithuania";"D";"male";"1975-03-09";"1975";3;9
2016;"Lithuania";"E";"male";"1975-01-14";"1975";1;14
2016;"Fyr-macedonia";"A";"male";"1974-11-24";"1974";11;24
2016;"Fyr-macedonia";"B";"male";"1945-11-10";"1945";11;10
2016;"Fyr-macedonia";"C";"male";"1977-11-05";"1977";11;5
2016;"Fyr-macedonia";"D";"female";"1981-06-28";"1981";6;28
2016;"Fyr-macedonia";"E";"female";"1986-02-10";"1986";2;10
2016;"Norway";"A";"male";"1977-01-25";"1977";1;25
2016;"Norway";"B";"male";"1982-03-23";"1982";3;23
2016;"Norway";"C";"female";"1974-02-19";"1974";2;19
2016;"Norway";"D";"male";"1977-06-22";"1977";6;22
2016;"Norway";"E";"female";"1961-11-27";"1961";11;27
2016;"Poland";"A";"male";"1977-03-15";"1977";3;15
2016;"Poland";"B";"female";"1980-01-14";"1980";1;14
2016;"Poland";"C";"male";"1958-01-11";"1958";1;11
2016;"Poland";"D";"male";"1980-11-26";"1980";11;26
2016;"Poland";"E";"male";"1991-07-24";"1991";7;24
2016;"Serbia";"A";"male";"1951-11-19";"1951";11;19
2016;"Serbia";"B";"male";"1962-07-09";"1962";7;9
2016;"Serbia";"C";"female";"1978-09-17";"1978";9;17
2016;"Serbia";"D";"male";"1968-02-19";"1968";2;19
2016;"Serbia";"E";"female";"1980-04-19";"1980";4;19
2016;"Slovenia";"A";"female";"1984-07-19";"1984";7;19
2016;"Slovenia";"B";"male";"1983-10-02";"1983";10;2
2016;"Slovenia";"C";"female";"1968-09-29";"1968";9;29
2016;"Slovenia";"D";"male";"1992-12-31";"1992";12;31
2016;"Slovenia";"E";"female";"1974-10-12";"1974";10;12
2016;"Switzerland";"A";"male";"1973-07-29";"1973";7;29
2016;"Switzerland";"B";"female";"1981-04-10";"1981";4;10
2016;"Switzerland";"C";"male";"1994-10-08";"1994";10;8
2016;"Switzerland";"D";"male";"1996-07-26";"1996";7;26
2016;"Switzerland";"E";"female";"1983-05-07";"1983";5;7
2016;"Ukraine";"A";"female";"1970-06-16";"1970";6;16
2016;"Ukraine";"B";"male";"1962-10-08";"1962";10;8
2016;"Ukraine";"C";"male";"1969-06-22";"1969";6;22
2016;"Ukraine";"D";"male";"1968-04-14";"1968";4;14
2016;"Ukraine";"E";"female";"1978-01-27";"1978";1;27
2016;"United-kingdom";"A";"female";"1977-05-30";"1977";5;30
2016;"United-kingdom";"B";"female";"1993-04-26";"1993";4;26
2016;"United-kingdom";"C";"male";"1968-12-30";"1968";12;30
2016;"United-kingdom";"D";"male";"1976-04-20";"1976";4;20
2016;"United-kingdom";"E";"male";"1963-03-04";"1963";3;4
2016;"Albania";"A";"male";"1953-01-11";"1953";1;11
2016;"Albania";"B";"female";"1992-05-03";"1992";5;3
2016;"Albania";"C";"male";"1946-11-28";"1946";11;28
2016;"Albania";"D";"female";"1982-10-15";"1982";10;15
2016;"Albania";"E";"male";"1948-05-09";"1948";5;9
2016;"Armenia";"A";"male";"1973-08-25";"1973";8;25
2016;"Armenia";"B";"female";"1961-09-24";"1961";9;24
2016;"Armenia";"C";"male";"1988-06-05";"1988";6;5
2016;"Armenia";"D";"male";"1978-10-24";"1978";10;24
2016;"Armenia";"E";"male";"1986-08-26";"1986";8;26
2016;"Australia";"A";"male";"1975-09-16";"1975";9;16
2016;"Australia";"B";"male";"1962-06-29";"1962";6;29
2016;"Australia";"C";"female";"1965-12-30";"1965";12;30
2016;"Australia";"D";"male";"1978-01-14";"1978";1;14
2016;"Australia";"E";"female";"1974-05-29";"1974";5;29
2016;"Austria";"A";"male";"1980-10-17";"1980";10;17
2016;"Austria";"B";"female";"1982-03-23";"1982";3;23
2016;"Austria";"C";"male";"1976-01-12";"1976";1;12
2016;"Austria";"D";"male";"1979-11-22";"1979";11;22
2016;"Austria";"E";"male";"1967-04-30";"1967";4;30
2016;"Azerbaijan";"A";"female";"1949-03-17";"1949";3;17
2016;"Azerbaijan";"B";"male";"1984-07-26";"1984";7;26
2016;"Azerbaijan";"C";"male";"1975-03-29";"1975";3;29
2016;"Azerbaijan";"D";"female";"1965-08-06";"1965";8;6
2016;"Azerbaijan";"E";"female";"1960-06-10";"1960";6;10
2016;"Belarus";"A";"female";"1978-06-20";"1978";6;20
2016;"Belarus";"B";"male";"1976-03-07";"1976";3;7
2016;"Belarus";"C";"male";"1966-11-06";"1966";11;6
2016;"Belarus";"D";"male";"1983-01-24";"1983";1;24
2016;"Belarus";"E";"female";"1980-05-16";"1980";5;16
2016;"Belgium";"A";"male";"1982-09-26";"1982";9;26
2016;"Belgium";"B";"male";"1976-07-19";"1976";7;19
2016;"Belgium";"C";"female";"1995-06-26";"1995";6;26
2016;"Belgium";"D";"female";"1956-01-31";"1956";1;31
2016;"Belgium";"E";"female";"1962-01-19";"1962";1;19
2016;"Bosnia-herzegovina";"A";"female";"1968-03-10";"1968";3;10
2016;"Bosnia-herzegovina";"B";"male";"1992-08-09";"1992";8;9
2016;"Bosnia-herzegovina";"C";"male";"1972-11-02";"1972";11;2
2016;"Bosnia-herzegovina";"D";"male";"1963-12-30";"1963";12;30
2016;"Bosnia-herzegovina";"E";"male";"1984-04-25";"1984";4;25
2016;"Bulgaria";"A";"male";"1946-08-13";"1946";8;13
2016;"Bulgaria";"B";"male";"1969-10-17";"1969";10;17
2016;"Bulgaria";"C";"female";"1986-05-23";"1986";5;23
2016;"Bulgaria";"D";"female";"1978-03-29";"1978";3;29
2016;"Bulgaria";"E";"male";"1966-09-10";"1966";9;10
2016;"Croatia";"A";"male";"1973-03-15";"1973";3;15
2016;"Croatia";"B";"female";"1993-09-02";"1993";9;2
2016;"Croatia";"C";"female";"1979-12-24";"1979";12;24
2016;"Croatia";"D";"female";"1987-05-24";"1987";5;24
2016;"Croatia";"E";"male";"1958-06-04";"1958";6;4
2016;"Cyprus";"A";"female";"1972-11-22";"1972";11;22
2016;"Cyprus";"B";"male";"1975-07-23";"1975";7;23
2016;"Cyprus";"C";"female";"1968-06-24";"1968";6;24
2016;"Cyprus";"D";"female";"1986-07-21";"1986";7;21
2016;"Cyprus";"E";"male";"1977-05-28";"1977";5;28
2016;"Czech-republic";"A";"male";"1966-03-28";"1966";3;28
2016;"Czech-republic";"B";"male";"1970-10-10";"1970";10;10
2016;"Czech-republic";"C";"male";"1947-08-26";"1947";8;26
2016;"Czech-republic";"D";"female";"1966-09-29";"1966";9;29
2016;"Czech-republic";"E";"female";"1969-08-09";"1969";8;9
2016;"Denmark";"A";"male";"1964-07-11";"1964";7;11
2016;"Denmark";"B";"male";"1983-07-30";"1983";7;30
2016;"Denmark";"C";"female";"1972-08-30";"1972";8;30
2016;"Denmark";"D";"female";"1946-06-19";"1946";6;19
2016;"Denmark";"E";"male";"1972-08-30";"1972";8;30
2016;"Estonia";"A";"female";"1940-01-23";"1940";1;23
2016;"Estonia";"B";"male";"1964-04-06";"1964";4;6
2016;"Estonia";"C";"female";"1977-03-04";"1977";3;4
2016;"Estonia";"D";"female";"1992-12-12";"1992";12;12
2016;"Estonia";"E";"male";"1988-07-23";"1988";7;23
2016;"Finland";"A";"female";"1980-07-08";"1980";7;8
2016;"Finland";"B";"male";"1965-05-09";"1965";5;9
2016;"Finland";"C";"male";"1976-09-24";"1976";9;24
2016;"Finland";"D";"female";"1985-02-28";"1985";2;28
2016;"Finland";"E";"male";"1986-11-15";"1986";11;15
2016;"France";"A";"male";"1961-05-03";"1961";5;3
2016;"France";"B";"female";"1984-06-14";"1984";6;14
2016;"France";"C";"male";"1981-11-24";"1981";11;24
2016;"France";"D";"male";"1969-06-28";"1969";6;28
2016;"France";"E";"female";"1960-11-29";"1960";11;29
2016;"Georgia";"A";"male";"1984-01-07";"1984";1;7
2016;"Georgia";"B";"female";"1990-02-23";"1990";2;23
2016;"Georgia";"C";"male";"1967-11-17";"1967";11;17
2016;"Georgia";"D";"male";"1972-11-29";"1972";11;29
2016;"Georgia";"E";"female";"1989-07-08";"1989";7;8
2016;"Germany";"A";"female";"1991-09-07";"1991";9;7
2016;"Germany";"B";"male";"1971-12-07";"1971";12;7
2016;"Germany";"C";"male";"1972-02-28";"1972";2;28
2016;"Germany";"D";"female";"1980-06-13";"1980";6;13
2016;"Germany";"E";"female";"1970-11-18";"1970";11;18
2016;"Greece";"A";"female";"1959-10-15";"1959";10;15
2016;"Greece";"B";"female";"1952-03-30";"1952";3;30
2016;"Greece";"C";"male";"1975-01-12";"1975";1;12
2016;"Greece";"D";"male";"1977-07-03";"1977";7;3
2016;"Greece";"E";"male";"1979-08-06";"1979";8;6
2016;"Hungary";"A";"male";"1982-02-14";"1982";2;14
2016;"Hungary";"B";"female";"1974-09-24";"1974";9;24
2016;"Hungary";"C";"male";"1976-10-16";"1976";10;16
2016;"Hungary";"D";"male";"1946-11-08";"1946";11;8
2016;"Hungary";"E";"male";"1970-07-18";"1970";7;18
2016;"Iceland";"A";"male";"1951-07-06";"1951";7;6
2016;"Iceland";"B";"female";"1958-03-08";"1958";3;8
2016;"Iceland";"C";"female";"1968-05-25";"1968";5;25
2016;"Iceland";"D";"female";"1995-12-11";"1995";12;11
2016;"Iceland";"E";"male";"1986-11-20";"1986";11;20
2016;"Ireland";"A";"male";"1960-12-09";"1960";12;9
2016;"Ireland";"B";"female";"1998-03-08";"1998";3;8
2016;"Ireland";"C";"female";"1984-02-26";"1984";2;26
2016;"Ireland";"D";"female";"1966-06-16";"1966";6;16
2016;"Ireland";"E";"male";"1992-09-18";"1992";9;18
2016;"Israel";"A";"female";"1971-11-14";"1971";11;14
2016;"Israel";"B";"male";"1972-01-30";"1972";1;30
2016;"Israel";"C";"female";"1947-01-01";"1947";1;1
2016;"Israel";"D";"male";"1982-10-29";"1982";10;29
2016;"Israel";"E";"male";"1976-08-09";"1976";8;9
2016;"Italy";"A";"male";"1977-07-11";"1977";7;11
2016;"Italy";"B";"male";"1962-03-21";"1962";3;21
2016;"Italy";"C";"female";"1966-04-12";"1966";4;12
2016;"Italy";"D";"female";"1982-05-23";"1982";5;23
2016;"Italy";"E";"female";"1971-03-23";"1971";3;23
2016;"Latvia";"A";"male";"1971-02-14";"1971";2;14
2016;"Latvia";"B";"male";"1969-02-28";"1969";2;28
2016;"Latvia";"C";"female";"1987-03-13";"1987";3;13
2016;"Latvia";"D";"female";"1991-06-04";"1991";6;4
2016;"Latvia";"E";"male";"1984-01-06";"1984";1;6
2016;"Lithuania";"A";"male";"1986-03-21";"1986";3;21
2016;"Lithuania";"B";"female";"1967-01-23";"1967";1;23
2016;"Lithuania";"C";"female";"1974-02-13";"1974";2;13
2016;"Lithuania";"D";"male";"1975-03-09";"1975";3;9
2016;"Lithuania";"E";"male";"1975-01-14";"1975";1;14
2016;"Malta";"A";"male";"1988-10-17";"1988";10;17
2016;"Malta";"B";"female";"1981-10-11";"1981";10;11
2016;"Malta";"C";"male";"1985-09-10";"1985";9;10
2016;"Malta";"D";"female";"1975-03-31";"1975";3;31
2016;"Malta";"E";"male";"1990-07-19";"1990";7;19
2016;"Moldova";"A";"male";"1962-07-18";"1962";7;18
2016;"Moldova";"B";"female";"1990-12-30";"1990";12;30
2016;"Moldova";"C";"male";"1989-02-12";"1989";2;12
2016;"Moldova";"D";"female";"1971-07-07";"1971";7;7
2016;"Moldova";"E";"male";"1986-02-13";"1986";2;13
2016;"Montenegro";"A";"female";"1985-06-17";"1985";6;17
2016;"Montenegro";"B";"male";"1965-01-27";"1965";1;27
2016;"Montenegro";"C";"male";"1972-04-13";"1972";4;13
2016;"Montenegro";"D";"male";"1967-04-24";"1967";4;24
2016;"Montenegro";"E";"female";"1988-01-06";"1988";1;6
2016;"Fyr-macedonia";"A";"male";"1974-11-24";"1974";11;24
2016;"Fyr-macedonia";"B";"male";"1945-11-10";"1945";11;10
2016;"Fyr-macedonia";"C";"male";"1977-11-05";"1977";11;5
2016;"Fyr-macedonia";"D";"female";"1981-06-28";"1981";6;28
2016;"Fyr-macedonia";"E";"female";"1986-02-10";"1986";2;10
2016;"Norway";"A";"male";"1977-01-25";"1977";1;25
2016;"Norway";"B";"male";"1982-03-23";"1982";3;23
2016;"Norway";"C";"female";"1974-02-19";"1974";2;19
2016;"Norway";"D";"male";"1977-06-22";"1977";6;22
2016;"Norway";"E";"female";"1961-11-27";"1961";11;27
2016;"Poland";"A";"male";"1977-03-15";"1977";3;15
2016;"Poland";"B";"female";"1980-01-14";"1980";1;14
2016;"Poland";"C";"male";"1958-01-11";"1958";1;11
2016;"Poland";"D";"male";"1980-11-26";"1980";11;26
2016;"Poland";"E";"male";"1991-07-24";"1991";7;24
2016;"Russia";"A";"male";"1976-02-17";"1976";2;17
2016;"Russia";"B";"female";"1980-04-21";"1980";4;21
2016;"Russia";"C";"female";"1945-09-24";"1945";9;24
2016;"Russia";"D";"male";"1974-08-11";"1974";8;11
2016;"Russia";"E";"male";"1973-05-17";"1973";5;17
2016;"San-marino";"A";"male";"1982-05-27";"1982";5;27
2016;"San-marino";"B";"female";"1988-08-30";"1988";8;30
2016;"San-marino";"C";"female";"1962-02-14";"1962";2;14
2016;"San-marino";"D";"male";"1990-12-20";"1990";12;20
2016;"San-marino";"E";"male";"1978-08-05";"1978";8;5
2016;"Serbia";"A";"male";"1951-11-19";"1951";11;19
2016;"Serbia";"B";"male";"1962-07-09";"1962";7;9
2016;"Serbia";"C";"female";"1978-09-17";"1978";9;17
2016;"Serbia";"D";"male";"1968-02-19";"1968";2;19
2016;"Serbia";"E";"female";"1980-04-19";"1980";4;19
2016;"Slovenia";"A";"female";"1984-07-19";"1984";7;19
2016;"Slovenia";"B";"male";"1983-10-02";"1983";10;2
2016;"Slovenia";"C";"female";"1968-09-29";"1968";9;29
2016;"Slovenia";"D";"male";"1992-12-31";"1992";12;31
2016;"Slovenia";"E";"female";"1974-10-12";"1974";10;12
2016;"Spain";"A";"female";"1987-04-28";"1987";4;28
2016;"Spain";"B";"male";"1989-06-16";"1989";6;16
2016;"Spain";"C";"male";"1992-12-10";"1992";12;10
2016;"Spain";"D";"female";"1971-03-22";"1971";3;22
2016;"Spain";"E";"male";"1996-03-04";"1996";3;4
2016;"Sweden";"A";"female";"1976-09-29";"1976";9;29
2016;"Sweden";"B";"male";"1979-04-11";"1979";4;11
2016;"Sweden";"C";"male";"1993-08-07";"1993";8;7
2016;"Sweden";"D";"male";"1971-08-06";"1971";8;6
2016;"Sweden";"E";"female";"1998-08-13";"1998";8;13
2016;"Switzerland";"A";"male";"1973-07-29";"1973";7;29
2016;"Switzerland";"B";"female";"1981-04-10";"1981";4;10
2016;"Switzerland";"C";"male";"1994-10-08";"1994";10;8
2016;"Switzerland";"D";"male";"1996-07-26";"1996";7;26
2016;"Switzerland";"E";"female";"1983-05-07";"1983";5;7
2016;"The-netherlands";"A";"male";"1967-04-06";"1967";4;6
2016;"The-netherlands";"B";"female";"1955-01-03";"1955";1;3
2016;"The-netherlands";"C";"female";"1977-12-01";"1977";12;1
2016;"The-netherlands";"D";"male";"1969-04-24";"1969";4;24
2016;"The-netherlands";"E";"female";"1956-07-02";"1956";7;2
2016;"Ukraine";"A";"female";"1970-06-16";"1970";6;16
2016;"Ukraine";"B";"male";"1962-10-08";"1962";10;8
2016;"Ukraine";"C";"male";"1969-06-22";"1969";6;22
2016;"Ukraine";"D";"male";"1968-04-14";"1968";4;14
2016;"Ukraine";"E";"female";"1978-01-27";"1978";1;27
2016;"United-kingdom";"A";"female";"1977-05-30";"1977";5;30
2016;"United-kingdom";"B";"female";"1993-04-26";"1993";4;26
2016;"United-kingdom";"C";"male";"1968-12-30";"1968";12;30
2016;"United-kingdom";"D";"male";"1976-04-20";"1976";4;20
2016;"United-kingdom";"E";"male";"1963-03-04";"1963";3;4
