"country";"Year";"GDP growth (annual %)"
"Albania";1961;NA
"Andorra";1961;NA
"Armenia";1961;NA
"Australia";1961;2,48576949187947
"Austria";1961;5,53797931684528
"Azerbaijan";1961;NA
"Belarus";1961;NA
"Belgium";1961;4,97842306319197
"Bosnia and Herzegovina";1961;NA
"Bulgaria";1961;NA
"Croatia";1961;NA
"Cyprus";1961;NA
"Czech Republic";1961;NA
"Denmark";1961;6,37883247557384
"Estonia";1961;NA
"Finland";1961;7,60467047924426
"France";1961;4,9801118491384
"Georgia";1961;NA
"Germany";1961;NA
"Greece";1961;13,2038411934427
"Hungary";1961;NA
"Iceland";1961;-0,0846619462922718
"Ireland";1961;NA
"Israel";1961;11,2038856174685
"Italy";1961;8,20724591384771
"Latvia";1961;NA
"Lithuania";1961;NA
"Luxembourg";1961;3,8299831217405
"Macedonia";1961;NA
"Malta";1961;NA
"Moldova";1961;NA
"Monaco";1961;NA
"Montenegro";1961;NA
"Morocco";1961;NA
"Netherlands";1961;0,295546672716611
"Norway";1961;6,27333551040729
"Poland";1961;NA
"Portugal";1961;5,53490347567502
"Romania";1961;NA
"Russia";1961;NA
"San Marino";1961;NA
"Serbia";1961;NA
"Serbia and Montenegro";1961;NA
"Slovakia";1961;NA
"Slovenia";1961;NA
"Spain";1961;11,8386741948332
"Sweden";1961;5,68129280956549
"Switzerland";1961;NA
"Turkey";1961;1,15606938539699
"Ukraine";1961;NA
"United Kingdom";1961;2,67711894345372
"Yugoslavia";1961;NA
"Albania";1962;NA
"Andorra";1962;NA
"Armenia";1962;NA
"Australia";1962;1,29608735213831
"Austria";1962;2,64867511295262
"Azerbaijan";1962;NA
"Belarus";1962;NA
"Belgium";1962;5,21200350925528
"Bosnia and Herzegovina";1962;NA
"Bulgaria";1962;NA
"Croatia";1962;NA
"Cyprus";1962;NA
"Czech Republic";1962;NA
"Denmark";1962;5,66682217271807
"Estonia";1962;NA
"Finland";1962;2,98194553610325
"France";1962;6,84346998523586
"Georgia";1962;NA
"Germany";1962;NA
"Greece";1962;0,364810538216716
"Hungary";1962;NA
"Iceland";1962;8,31371274423529
"Ireland";1962;NA
"Israel";1962;10,1561171576566
"Italy";1962;6,20365045787146
"Latvia";1962;NA
"Lithuania";1962;NA
"Luxembourg";1962;1,35867767094877
"Macedonia";1962;NA
"Malta";1962;NA
"Moldova";1962;NA
"Monaco";1962;NA
"Montenegro";1962;NA
"Morocco";1962;NA
"Netherlands";1962;6,84350732102872
"Norway";1962;2,81394513844542
"Poland";1962;NA
"Portugal";1962;6,61444776877377
"Romania";1962;NA
"Russia";1962;NA
"San Marino";1962;NA
"Serbia";1962;NA
"Serbia and Montenegro";1962;NA
"Slovakia";1962;NA
"Slovenia";1962;NA
"Spain";1962;9,95343810301794
"Sweden";1962;4,25904722832698
"Switzerland";1962;NA
"Turkey";1962;5,57142858180484
"Ukraine";1962;NA
"United Kingdom";1962;1,1029096492187
"Yugoslavia";1962;NA
"Albania";1963;NA
"Andorra";1963;NA
"Armenia";1963;NA
"Australia";1963;6,21463039549282
"Austria";1963;4,13826758157036
"Azerbaijan";1963;NA
"Belarus";1963;NA
"Belgium";1963;4,35158428167051
"Bosnia and Herzegovina";1963;NA
"Bulgaria";1963;NA
"Croatia";1963;NA
"Cyprus";1963;NA
"Czech Republic";1963;NA
"Denmark";1963;0,637021234202351
"Estonia";1963;NA
"Finland";1963;3,2850996357034
"France";1963;6,23367995209179
"Georgia";1963;NA
"Germany";1963;NA
"Greece";1963;11,8448676740362
"Hungary";1963;NA
"Iceland";1963;10,2833828720506
"Ireland";1963;NA
"Israel";1963;10,6957129751426
"Italy";1963;5,60972797819814
"Latvia";1963;NA
"Lithuania";1963;NA
"Luxembourg";1963;3,43910854038498
"Macedonia";1963;NA
"Malta";1963;NA
"Moldova";1963;NA
"Monaco";1963;NA
"Montenegro";1963;NA
"Morocco";1963;NA
"Netherlands";1963;3,62462153047358
"Norway";1963;3,78504308366053
"Poland";1963;NA
"Portugal";1963;5,87370211616296
"Romania";1963;NA
"Russia";1963;NA
"San Marino";1963;NA
"Serbia";1963;NA
"Serbia and Montenegro";1963;NA
"Slovakia";1963;NA
"Slovenia";1963;NA
"Spain";1963;9,59649887419761
"Sweden";1963;5,32793378828826
"Switzerland";1963;NA
"Turkey";1963;9,06630555240875
"Ukraine";1963;NA
"United Kingdom";1963;4,8743839976478
"Yugoslavia";1963;NA
"Albania";1964;NA
"Andorra";1964;NA
"Armenia";1964;NA
"Australia";1964;6,97852215948878
"Austria";1964;6,12435373762843
"Azerbaijan";1964;NA
"Belarus";1964;NA
"Belgium";1964;6,95668473344102
"Bosnia and Herzegovina";1964;NA
"Bulgaria";1964;NA
"Croatia";1964;NA
"Cyprus";1964;NA
"Czech Republic";1964;NA
"Denmark";1964;9,26993821451794
"Estonia";1964;NA
"Finland";1964;5,23868659789346
"France";1964;6,65209950760072
"Georgia";1964;NA
"Germany";1964;NA
"Greece";1964;9,40967663829282
"Hungary";1964;NA
"Iceland";1964;9,91654401443
"Ireland";1964;NA
"Israel";1964;7,93719197503013
"Italy";1964;2,79770227911507
"Latvia";1964;NA
"Lithuania";1964;NA
"Luxembourg";1964;7,86582881901587
"Macedonia";1964;NA
"Malta";1964;NA
"Moldova";1964;NA
"Monaco";1964;NA
"Montenegro";1964;NA
"Morocco";1964;NA
"Netherlands";1964;8,27490393060459
"Norway";1964;5,0096509866239
"Poland";1964;NA
"Portugal";1964;6,31074738257507
"Romania";1964;NA
"Russia";1964;NA
"San Marino";1964;NA
"Serbia";1964;NA
"Serbia and Montenegro";1964;NA
"Slovakia";1964;NA
"Slovenia";1964;NA
"Spain";1964;5,30851024557151
"Sweden";1964;6,82116450044803
"Switzerland";1964;NA
"Turkey";1964;5,45905679838097
"Ukraine";1964;NA
"United Kingdom";1964;5,53365938602349
"Yugoslavia";1964;NA
"Albania";1965;NA
"Andorra";1965;NA
"Armenia";1965;NA
"Australia";1965;5,98350598919795
"Austria";1965;3,48017491799556
"Azerbaijan";1965;NA
"Belarus";1965;NA
"Belgium";1965;3,56065983986036
"Bosnia and Herzegovina";1965;NA
"Bulgaria";1965;NA
"Croatia";1965;NA
"Cyprus";1965;NA
"Czech Republic";1965;NA
"Denmark";1965;4,55525481407106
"Estonia";1965;NA
"Finland";1965;5,30285780228277
"France";1965;4,86150769580638
"Georgia";1965;NA
"Germany";1965;NA
"Greece";1965;10,7680105057905
"Hungary";1965;NA
"Iceland";1965;7,37172929870715
"Ireland";1965;NA
"Israel";1965;9,09396559916497
"Italy";1965;3,26802371964163
"Latvia";1965;NA
"Lithuania";1965;NA
"Luxembourg";1965;-0,734933604480986
"Macedonia";1965;NA
"Malta";1965;NA
"Moldova";1965;NA
"Monaco";1965;NA
"Montenegro";1965;NA
"Morocco";1965;NA
"Netherlands";1965;8,6430949357501
"Norway";1965;5,28560880055218
"Poland";1965;NA
"Portugal";1965;7,46898852994373
"Romania";1965;NA
"Russia";1965;NA
"San Marino";1965;NA
"Serbia";1965;NA
"Serbia and Montenegro";1965;NA
"Slovakia";1965;NA
"Slovenia";1965;NA
"Spain";1965;6,253134898985
"Sweden";1965;3,82150758550968
"Switzerland";1965;NA
"Turkey";1965;2,82352954343837
"Ukraine";1965;NA
"United Kingdom";1965;2,14217654354569
"Yugoslavia";1965;NA
"Albania";1966;NA
"Andorra";1966;NA
"Armenia";1966;NA
"Australia";1966;2,38245842259472
"Austria";1966;5,64286141093278
"Azerbaijan";1966;NA
"Belarus";1966;NA
"Belgium";1966;3,15589498173408
"Bosnia and Herzegovina";1966;NA
"Bulgaria";1966;NA
"Croatia";1966;NA
"Cyprus";1966;NA
"Czech Republic";1966;NA
"Denmark";1966;2,74091010903237
"Estonia";1966;NA
"Finland";1966;2,3728230152817
"France";1966;5,25183704566086
"Georgia";1966;7,53563129431707
"Germany";1966;NA
"Greece";1966;6,49450234707547
"Hungary";1966;NA
"Iceland";1966;8,73593347606989
"Ireland";1966;NA
"Israel";1966;-0,0796447724232223
"Italy";1966;5,98479422519729
"Latvia";1966;NA
"Lithuania";1966;NA
"Luxembourg";1966;1,10590411235907
"Macedonia";1966;NA
"Malta";1966;NA
"Moldova";1966;NA
"Monaco";1966;NA
"Montenegro";1966;NA
"Morocco";1966;NA
"Netherlands";1966;2,74110433455463
"Norway";1966;3,78651325489734
"Poland";1966;NA
"Portugal";1966;4,0779094339812
"Romania";1966;NA
"Russia";1966;NA
"San Marino";1966;NA
"Serbia";1966;NA
"Serbia and Montenegro";1966;NA
"Slovakia";1966;NA
"Slovenia";1966;NA
"Spain";1966;7,24606030950785
"Sweden";1966;2,09084428949741
"Switzerland";1966;NA
"Turkey";1966;11,2128150353514
"Ukraine";1966;NA
"United Kingdom";1966;1,57310041405223
"Yugoslavia";1966;NA
"Albania";1967;NA
"Andorra";1967;NA
"Armenia";1967;NA
"Australia";1967;6,30262019041623
"Austria";1967;3,0080477977549
"Azerbaijan";1967;NA
"Belarus";1967;NA
"Belgium";1967;3,86814694690112
"Bosnia and Herzegovina";1967;NA
"Bulgaria";1967;NA
"Croatia";1967;NA
"Cyprus";1967;NA
"Czech Republic";1967;NA
"Denmark";1967;5,5303700075201
"Estonia";1967;NA
"Finland";1967;2,16882888287419
"France";1967;4,92114891528463
"Georgia";1967;6,24999954351621
"Germany";1967;NA
"Greece";1967;5,66948546671586
"Hungary";1967;NA
"Iceland";1967;-1,26726186273838
"Ireland";1967;NA
"Israel";1967;2,99502016577178
"Italy";1967;7,17861246556171
"Latvia";1967;NA
"Lithuania";1967;NA
"Luxembourg";1967;0,216730811573271
"Macedonia";1967;NA
"Malta";1967;NA
"Moldova";1967;NA
"Monaco";1967;NA
"Montenegro";1967;NA
"Morocco";1967;10,0288413599463
"Netherlands";1967;5,28001474697683
"Norway";1967;6,25607900635556
"Poland";1967;NA
"Portugal";1967;7,54448252894966
"Romania";1967;NA
"Russia";1967;NA
"San Marino";1967;NA
"Serbia";1967;NA
"Serbia and Montenegro";1967;NA
"Slovakia";1967;NA
"Slovenia";1967;NA
"Spain";1967;4,34033841707489
"Sweden";1967;3,3653885828444
"Switzerland";1967;NA
"Turkey";1967;4,73251024393741
"Ukraine";1967;NA
"United Kingdom";1967;2,78647464167507
"Yugoslavia";1967;NA
"Albania";1968;NA
"Andorra";1968;NA
"Armenia";1968;NA
"Australia";1968;5,09581380047702
"Austria";1968;4,47231278246065
"Azerbaijan";1968;NA
"Belarus";1968;NA
"Belgium";1968;4,19412962494732
"Bosnia and Herzegovina";1968;NA
"Bulgaria";1968;NA
"Croatia";1968;NA
"Cyprus";1968;NA
"Czech Republic";1968;NA
"Denmark";1968;5,55307657638726
"Estonia";1968;NA
"Finland";1968;2,30328998355674
"France";1968;4,49130888579006
"Georgia";1968;4,4563348138954
"Germany";1968;NA
"Greece";1968;7,20371890047187
"Hungary";1968;NA
"Iceland";1968;-5,47490634604691
"Ireland";1968;NA
"Israel";1968;16,2419568132625
"Italy";1968;6,54455465470546
"Latvia";1968;NA
"Lithuania";1968;NA
"Luxembourg";1968;4,18387242679029
"Macedonia";1968;NA
"Malta";1968;NA
"Moldova";1968;NA
"Monaco";1968;NA
"Montenegro";1968;NA
"Morocco";1968;9,89173930643229
"Netherlands";1968;6,41613403990091
"Norway";1968;2,25987552819262
"Poland";1968;NA
"Portugal";1968;8,8755092337672
"Romania";1968;NA
"Russia";1968;NA
"San Marino";1968;NA
"Serbia";1968;NA
"Serbia and Montenegro";1968;NA
"Slovakia";1968;NA
"Slovenia";1968;NA
"Spain";1968;6,59702013758312
"Sweden";1968;3,63850566422768
"Switzerland";1968;NA
"Turkey";1968;6,77799601038116
"Ukraine";1968;NA
"United Kingdom";1968;5,44108343766115
"Yugoslavia";1968;NA
"Albania";1969;NA
"Andorra";1969;NA
"Armenia";1969;NA
"Australia";1969;7,04432932141759
"Austria";1969;6,27586716607024
"Azerbaijan";1969;NA
"Belarus";1969;NA
"Belgium";1969;6,62979979529467
"Bosnia and Herzegovina";1969;NA
"Bulgaria";1969;NA
"Croatia";1969;NA
"Cyprus";1969;NA
"Czech Republic";1969;NA
"Denmark";1969;6,50924838489951
"Estonia";1969;NA
"Finland";1969;9,59328778480035
"France";1969;7,10947534485236
"Georgia";1969;4,77814972509398
"Germany";1969;NA
"Greece";1969;11,5636672907284
"Hungary";1969;NA
"Iceland";1969;2,37458802719068
"Ireland";1969;NA
"Israel";1969;13,5657035064126
"Italy";1969;6,09805999558601
"Latvia";1969;NA
"Lithuania";1969;NA
"Luxembourg";1969;9,97285794333051
"Macedonia";1969;NA
"Malta";1969;NA
"Moldova";1969;NA
"Monaco";1969;NA
"Montenegro";1969;NA
"Morocco";1969;8,36216535667576
"Netherlands";1969;6,42944907759089
"Norway";1969;4,50461145559137
"Poland";1969;NA
"Portugal";1969;2,12074116169632
"Romania";1969;NA
"Russia";1969;NA
"San Marino";1969;NA
"Serbia";1969;NA
"Serbia and Montenegro";1969;NA
"Slovakia";1969;NA
"Slovenia";1969;NA
"Spain";1969;8,90701555527096
"Sweden";1969;5,00907521487679
"Switzerland";1969;NA
"Turkey";1969;4,0811456208947
"Ukraine";1969;NA
"United Kingdom";1969;1,92409683469894
"Yugoslavia";1969;NA
"Albania";1970;NA
"Andorra";1970;NA
"Armenia";1970;NA
"Australia";1970;7,17218657627514
"Austria";1970;6,32114263234969
"Azerbaijan";1970;NA
"Belarus";1970;NA
"Belgium";1970;5,58285828431475
"Bosnia and Herzegovina";1970;NA
"Bulgaria";1970;NA
"Croatia";1970;NA
"Cyprus";1970;NA
"Czech Republic";1970;NA
"Denmark";1970;1,59684180463518
"Estonia";1970;NA
"Finland";1970;4,81373679601094
"France";1970;6,10867981285152
"Georgia";1970;12,0521162460369
"Germany";1970;NA
"Greece";1970;8,9305803760811
"Hungary";1970;NA
"Iceland";1970;10,4246248068653
"Ireland";1970;NA
"Israel";1970;-0,759668528843989
"Italy";1970;5,26869297920993
"Latvia";1970;NA
"Lithuania";1970;NA
"Luxembourg";1970;4,50704377665998
"Macedonia";1970;NA
"Malta";1970;NA
"Moldova";1970;NA
"Monaco";1970;NA
"Montenegro";1970;NA
"Morocco";1970;4,71346037552107
"Netherlands";1970;6,14018164814382
"Norway";1970;1,94330050548346
"Poland";1970;NA
"Portugal";1970;12,6126054618915
"Romania";1970;NA
"Russia";1970;NA
"San Marino";1970;NA
"Serbia";1970;NA
"Serbia and Montenegro";1970;NA
"Slovakia";1970;NA
"Slovenia";1970;NA
"Spain";1970;4,29063926798075
"Sweden";1970;7,28920626049208
"Switzerland";1970;NA
"Turkey";1970;3,2335089729326
"Ukraine";1970;NA
"United Kingdom";1970;3,77118799966752
"Yugoslavia";1970;NA
"Albania";1971;NA
"Andorra";1971;4,64946536081887
"Armenia";1971;NA
"Australia";1971;4,00368353437398
"Austria";1971;5,11496858499562
"Azerbaijan";1971;NA
"Belarus";1971;NA
"Belgium";1971;3,98582711048847
"Bosnia and Herzegovina";1971;NA
"Bulgaria";1971;NA
"Croatia";1971;NA
"Cyprus";1971;NA
"Czech Republic";1971;NA
"Denmark";1971;3,00499557421739
"Estonia";1971;NA
"Finland";1971;2,35692135759953
"France";1971;5,31671589688149
"Georgia";1971;2,47093612493619
"Germany";1971;3,13269973811248
"Greece";1971;7,84117754740667
"Hungary";1971;NA
"Iceland";1971;13,0608376444948
"Ireland";1971;3,46988886197666
"Israel";1971;10,9510711306663
"Italy";1971;1,81810793366802
"Latvia";1971;NA
"Lithuania";1971;NA
"Luxembourg";1971;2,66723224202552
"Macedonia";1971;NA
"Malta";1971;2,4539936122783
"Moldova";1971;NA
"Monaco";1971;5,22806002428649
"Montenegro";1971;NA
"Morocco";1971;5,59689365914973
"Netherlands";1971;4,31698036511436
"Norway";1971;5,67240747526567
"Poland";1971;NA
"Portugal";1971;6,63165299963858
"Romania";1971;NA
"Russia";1971;NA
"San Marino";1971;NA
"Serbia";1971;NA
"Serbia and Montenegro";1971;NA
"Slovakia";1971;NA
"Slovenia";1971;NA
"Spain";1971;4,64947360429215
"Sweden";1971;0,944646245715859
"Switzerland";1971;4,07544243381166
"Turkey";1971;5,56669450058789
"Ukraine";1971;NA
"United Kingdom";1971;3,50471750518216
"Yugoslavia";1971;NA
"Albania";1972;NA
"Andorra";1972;8,14974348860618
"Armenia";1972;NA
"Australia";1972;3,91252352957896
"Austria";1972;6,2078610864111
"Azerbaijan";1972;NA
"Belarus";1972;NA
"Belgium";1972;5,29560474284025
"Bosnia and Herzegovina";1972;NA
"Bulgaria";1972;NA
"Croatia";1972;NA
"Cyprus";1972;NA
"Czech Republic";1972;NA
"Denmark";1972;3,92938534116061
"Estonia";1972;NA
"Finland";1972;7,73548550195038
"France";1972;4,51137401861739
"Georgia";1972;2,83687380741301
"Germany";1972;4,30034133420232
"Greece";1972;10,1601511810415
"Hungary";1972;NA
"Iceland";1972;6,17733434870895
"Ireland";1972;6,48980754705791
"Israel";1972;12,1465545761748
"Italy";1972;3,69048582478699
"Latvia";1972;NA
"Lithuania";1972;NA
"Luxembourg";1972;6,59819553699698
"Macedonia";1972;NA
"Malta";1972;5,83832702652158
"Moldova";1972;NA
"Monaco";1972;4,6483096159033
"Montenegro";1972;NA
"Morocco";1972;2,4372373471504
"Netherlands";1972;3,5338744094054
"Norway";1972;5,33062591594195
"Poland";1972;NA
"Portugal";1972;8,01569570155887
"Romania";1972;NA
"Russia";1972;NA
"San Marino";1972;NA
"Serbia";1972;NA
"Serbia and Montenegro";1972;NA
"Slovakia";1972;NA
"Slovenia";1972;NA
"Spain";1972;8,14974579127789
"Sweden";1972;2,28873879379827
"Switzerland";1972;3,2005089657621
"Turkey";1972;7,42578832564243
"Ukraine";1972;NA
"United Kingdom";1972;4,32166761525016
"Yugoslavia";1972;NA
"Albania";1973;NA
"Andorra";1973;7,78846720294035
"Armenia";1973;NA
"Australia";1973;2,61372315111119
"Austria";1973;4,89043531715288
"Azerbaijan";1973;NA
"Belarus";1973;NA
"Belgium";1973;6,38170195750001
"Bosnia and Herzegovina";1973;NA
"Bulgaria";1973;NA
"Croatia";1973;NA
"Cyprus";1973;NA
"Czech Republic";1973;NA
"Denmark";1973;4,09294609206725
"Estonia";1973;NA
"Finland";1973;6,98382784475125
"France";1973;6,34458067469789
"Georgia";1973;6,48276154621466
"Germany";1973;4,77748689217385
"Greece";1973;8,09237809237808
"Hungary";1973;NA
"Iceland";1973;6,80600977389774
"Ireland";1973;4,72142854002149
"Israel";1973;5,58746385680121
"Italy";1973;7,12586230436492
"Latvia";1973;NA
"Lithuania";1973;NA
"Luxembourg";1973;8,31267451290276
"Macedonia";1973;NA
"Malta";1973;4,14613837325946
"Moldova";1973;NA
"Monaco";1973;6,55375750887563
"Montenegro";1973;NA
"Morocco";1973;3,55931083191807
"Netherlands";1973;5,44422298483258
"Norway";1973;4,53291884569511
"Poland";1973;NA
"Portugal";1973;11,2006720107906
"Romania";1973;NA
"Russia";1973;NA
"San Marino";1973;NA
"Serbia";1973;NA
"Serbia and Montenegro";1973;NA
"Slovakia";1973;NA
"Slovenia";1973;NA
"Spain";1973;7,78846536076689
"Sweden";1973;3,96798115417454
"Switzerland";1973;3,04990729882819
"Turkey";1973;3,26233451840511
"Ukraine";1973;NA
"United Kingdom";1973;6,52384843843141
"Yugoslavia";1973;NA
"Albania";1974;NA
"Andorra";1974;5,61878972962955
"Armenia";1974;NA
"Australia";1974;4,10336216123119
"Austria";1974;3,94213807104376
"Azerbaijan";1974;NA
"Belarus";1974;NA
"Belgium";1974;4,56525797284306
"Bosnia and Herzegovina";1974;NA
"Bulgaria";1974;NA
"Croatia";1974;NA
"Cyprus";1974;NA
"Czech Republic";1974;NA
"Denmark";1974;-1,12239425036076
"Estonia";1974;NA
"Finland";1974;3,23653304028531
"France";1974;4,30091914308284
"Georgia";1974;8,80829341015195
"Germany";1974;0,890068740587211
"Greece";1974;-6,43824074182874
"Hungary";1974;NA
"Iceland";1974;5,70629210353711
"Ireland";1974;4,26023086350391
"Israel";1974;6,4761611546005
"Italy";1974;5,50014110132227
"Latvia";1974;NA
"Lithuania";1974;NA
"Luxembourg";1974;4,21246899346824
"Macedonia";1974;NA
"Malta";1974;10,0364039597072
"Moldova";1974;NA
"Monaco";1974;4,47461105052211
"Montenegro";1974;NA
"Morocco";1974;5,59604994452371
"Netherlands";1974;3,43871786071904
"Norway";1974;3,92301020197432
"Poland";1974;NA
"Portugal";1974;1,14285932449492
"Romania";1974;NA
"Russia";1974;NA
"San Marino";1974;NA
"Serbia";1974;NA
"Serbia and Montenegro";1974;NA
"Slovakia";1974;NA
"Slovenia";1974;NA
"Spain";1974;5,61878581441493
"Sweden";1974;3,19819564584239
"Switzerland";1974;1,45490800096543
"Turkey";1974;5,59447440269336
"Ukraine";1974;NA
"United Kingdom";1974;-2,4844040523141
"Yugoslavia";1974;NA
"Albania";1975;NA
"Andorra";1975;0,542205658763677
"Armenia";1975;NA
"Australia";1975;1,34991678730046
"Austria";1975;-0,363735434053538
"Azerbaijan";1975;NA
"Belarus";1975;NA
"Belgium";1975;-1,96594156584821
"Bosnia and Herzegovina";1975;NA
"Bulgaria";1975;NA
"Croatia";1975;NA
"Cyprus";1975;NA
"Czech Republic";1975;NA
"Denmark";1975;-1,45664493601456
"Estonia";1975;NA
"Finland";1975;1,80489827726724
"France";1975;-0,959884746223096
"Georgia";1975;7,38094530055061
"Germany";1975;-0,866738894227723
"Greece";1975;6,36680874604197
"Hungary";1975;NA
"Iceland";1975;0,646155033497564
"Ireland";1975;5,65664476085033
"Israel";1975;3,24281987463699
"Italy";1975;-2,09016291535852
"Latvia";1975;NA
"Lithuania";1975;NA
"Luxembourg";1975;-6,57137138724029
"Macedonia";1975;NA
"Malta";1975;19,5600808646514
"Moldova";1975;NA
"Monaco";1975;-0,972637493748465
"Montenegro";1975;NA
"Morocco";1975;7,55822156130436
"Netherlands";1975;0,00202886228375121
"Norway";1975;4,95214778544401
"Poland";1975;NA
"Portugal";1975;-4,34763054504394
"Romania";1975;NA
"Russia";1975;NA
"San Marino";1975;NA
"Serbia";1975;NA
"Serbia and Montenegro";1975;NA
"Slovakia";1975;NA
"Slovenia";1975;NA
"Spain";1975;0,542203214009334
"Sweden";1975;2,55286264270535
"Switzerland";1975;-7,28317456437819
"Turkey";1975;7,17411268977106
"Ukraine";1975;NA
"United Kingdom";1975;-1,47364954200184
"Yugoslavia";1975;NA
"Albania";1976;NA
"Andorra";1976;3,30378704950793
"Armenia";1976;NA
"Australia";1976;2,58769620026857
"Austria";1976;4,57844543332115
"Azerbaijan";1976;NA
"Belarus";1976;NA
"Belgium";1976;5,65274593317993
"Bosnia and Herzegovina";1976;NA
"Bulgaria";1976;NA
"Croatia";1976;NA
"Cyprus";1976;20,2662921880826
"Czech Republic";1976;NA
"Denmark";1976;5,92460618689674
"Estonia";1976;NA
"Finland";1976;0,344382485474924
"France";1976;4,35675890276836
"Georgia";1976;6,09756423426711
"Germany";1976;4,94925837665457
"Greece";1976;6,85189823595975
"Hungary";1976;NA
"Iceland";1976;5,95936756375369
"Ireland";1976;1,3948074205731
"Israel";1976;0,322503037395052
"Italy";1976;7,12538513712093
"Latvia";1976;NA
"Lithuania";1976;NA
"Luxembourg";1976;2,53433511732875
"Macedonia";1976;NA
"Malta";1976;17,0170895648017
"Moldova";1976;NA
"Monaco";1976;4,41162878210963
"Montenegro";1976;NA
"Morocco";1976;10,8127813441382
"Netherlands";1976;4,45630965160997
"Norway";1976;5,8253934592605
"Poland";1976;NA
"Portugal";1976;6,90023041389311
"Romania";1976;NA
"Russia";1976;NA
"San Marino";1976;NA
"Serbia";1976;NA
"Serbia and Montenegro";1976;NA
"Slovakia";1976;NA
"Slovenia";1976;NA
"Spain";1976;3,30379150489574
"Sweden";1976;1,05810487661601
"Switzerland";1976;-1,40367618715264
"Turkey";1976;10,4611795563238
"Ukraine";1976;NA
"United Kingdom";1976;2,91026625694681
"Yugoslavia";1976;NA
"Albania";1977;NA
"Andorra";1977;2,83857556610046
"Armenia";1977;NA
"Australia";1977;3,59742756746006
"Austria";1977;5,07998059425915
"Azerbaijan";1977;NA
"Belarus";1977;NA
"Belgium";1977;0,626154854021308
"Bosnia and Herzegovina";1977;NA
"Bulgaria";1977;NA
"Croatia";1977;NA
"Cyprus";1977;16,3620009517149
"Czech Republic";1977;NA
"Denmark";1977;1,87029103033571
"Estonia";1977;NA
"Finland";1977;0,239510829311158
"France";1977;3,46431200428788
"Georgia";1977;6,89655016091213
"Germany";1977;3,34721812001672
"Greece";1977;2,94100169684171
"Hungary";1977;NA
"Iceland";1977;8,82227717865716
"Ireland";1977;8,21130051681
"Israel";1977;1,03529896318599
"Italy";1977;2,56050084476698
"Latvia";1977;NA
"Lithuania";1977;NA
"Luxembourg";1977;1,56977456645151
"Macedonia";1977;NA
"Malta";1977;12,1841698013342
"Moldova";1977;NA
"Monaco";1977;3,55323608267122
"Montenegro";1977;NA
"Morocco";1977;6,05916767916479
"Netherlands";1977;2,52044027918959
"Norway";1977;4,16074732242862
"Poland";1977;NA
"Portugal";1977;5,602597312963
"Romania";1977;NA
"Russia";1977;NA
"San Marino";1977;NA
"Serbia";1977;NA
"Serbia and Montenegro";1977;NA
"Slovakia";1977;NA
"Slovenia";1977;NA
"Spain";1977;2,83857436036729
"Sweden";1977;-1,59625856634133
"Switzerland";1977;2,43365229944503
"Turkey";1977;3,40666980449156
"Ukraine";1977;NA
"United Kingdom";1977;2,45775048096047
"Yugoslavia";1977;NA
"Albania";1978;NA
"Andorra";1978;1,46300017893397
"Armenia";1978;NA
"Australia";1978;0,896879845528218
"Austria";1978;-0,210653695162677
"Azerbaijan";1978;NA
"Belarus";1978;NA
"Belgium";1978;2,84189649082269
"Bosnia and Herzegovina";1978;NA
"Bulgaria";1978;NA
"Croatia";1978;NA
"Cyprus";1978;7,77740335905037
"Czech Republic";1978;NA
"Denmark";1978;2,22630854042809
"Estonia";1978;NA
"Finland";1978;2,91970741193541
"France";1978;3,97854372235838
"Georgia";1978;7,42912769196221
"Germany";1978;3,00849285673846
"Greece";1978;7,24686343185905
"Hungary";1978;NA
"Iceland";1978;6,01671460450549
"Ireland";1978;7,1867303018398
"Israel";1978;5,55508730309833
"Italy";1978;3,24013975184891
"Latvia";1978;NA
"Lithuania";1978;NA
"Luxembourg";1978;4,07497250773974
"Macedonia";1978;NA
"Malta";1978;11,1611581906167
"Moldova";1978;NA
"Monaco";1978;3,95355130134929
"Montenegro";1978;NA
"Morocco";1978;2,23266338830095
"Netherlands";1978;2,69624696371605
"Norway";1978;3,86940625072467
"Poland";1978;NA
"Portugal";1978;2,81596615285167
"Romania";1978;NA
"Russia";1978;NA
"San Marino";1978;NA
"Serbia";1978;NA
"Serbia and Montenegro";1978;NA
"Slovakia";1978;NA
"Slovenia";1978;NA
"Spain";1978;1,46300344615614
"Sweden";1978;1,75154804977409
"Switzerland";1978;0,409083777734281
"Turkey";1978;1,50293301122329
"Ukraine";1978;NA
"United Kingdom";1978;4,20426042568425
"Yugoslavia";1978;NA
"Albania";1979;NA
"Andorra";1979;0,0415571951294567
"Armenia";1979;NA
"Australia";1979;4,04348669176025
"Austria";1979;5,35669990025116
"Azerbaijan";1979;NA
"Belarus";1979;NA
"Belgium";1979;2,34107295556814
"Bosnia and Herzegovina";1979;NA
"Bulgaria";1979;NA
"Croatia";1979;NA
"Cyprus";1979;9,90556938358054
"Czech Republic";1979;NA
"Denmark";1979;3,86911148264211
"Estonia";1979;NA
"Finland";1979;7,12192637149123
"France";1979;3,54998915669242
"Georgia";1979;7,37034607195648
"Germany";1979;4,15036334066737
"Greece";1979;3,28208019821201
"Hungary";1979;NA
"Iceland";1979;4,8605824854645
"Ireland";1979;3,07303589185656
"Israel";1979;6,20781594707121
"Italy";1979;5,95915942625737
"Latvia";1979;NA
"Lithuania";1979;NA
"Luxembourg";1979;2,34560921239245
"Macedonia";1979;NA
"Malta";1979;10,4907731676097
"Moldova";1979;NA
"Monaco";1979;3,53420492867116
"Montenegro";1979;NA
"Morocco";1979;4,79378720509548
"Netherlands";1979;2,01416612801977
"Norway";1979;4,37245992731722
"Poland";1979;NA
"Portugal";1979;5,63893782270115
"Romania";1979;NA
"Russia";1979;NA
"San Marino";1979;NA
"Serbia";1979;NA
"Serbia and Montenegro";1979;NA
"Slovakia";1979;NA
"Slovenia";1979;NA
"Spain";1979;0,0415463453412883
"Sweden";1979;3,84000347660032
"Switzerland";1979;2,49151198025532
"Turkey";1979;-0,624113570222889
"Ukraine";1979;NA
"United Kingdom";1979;3,74901664259653
"Yugoslavia";1979;NA
"Albania";1980;NA
"Andorra";1980;2,20872760693067
"Armenia";1980;NA
"Australia";1980;3,03424587145736
"Austria";1980;1,73148559549917
"Azerbaijan";1980;NA
"Belarus";1980;NA
"Belgium";1980;4,44405387639348
"Bosnia and Herzegovina";1980;NA
"Bulgaria";1980;NA
"Croatia";1980;NA
"Cyprus";1980;5,75324470140077
"Czech Republic";1980;NA
"Denmark";1980;-0,482986336653326
"Estonia";1980;NA
"Finland";1980;5,38904788022778
"France";1980;1,57874525990584
"Georgia";1980;4,57626627457819
"Germany";1980;1,40882863572145
"Greece";1980;0,677130861413417
"Hungary";1980;NA
"Iceland";1980;5,74792068476069
"Ireland";1980;3,0793280050116
"Israel";1980;1,67044149834388
"Italy";1980;3,4300164144226
"Latvia";1980;NA
"Lithuania";1980;NA
"Luxembourg";1980;0,840877542513851
"Macedonia";1980;NA
"Malta";1980;7,04971121492007
"Moldova";1980;NA
"Monaco";1980;1,68545743348373
"Montenegro";1980;NA
"Morocco";1980;3,64216481331357
"Netherlands";1980;1,34191413595499
"Norway";1980;4,56464835641921
"Poland";1980;NA
"Portugal";1980;4,58933992368382
"Romania";1980;NA
"Russia";1980;NA
"San Marino";1980;NA
"Serbia";1980;NA
"Serbia and Montenegro";1980;NA
"Slovakia";1980;NA
"Slovenia";1980;NA
"Spain";1980;2,20872827746719
"Sweden";1980;1,69997143939247
"Switzerland";1980;4,60197737285843
"Turkey";1980;-2,44735042580156
"Ukraine";1980;NA
"United Kingdom";1980;-2,03136778090925
"Yugoslavia";1980;NA
"Albania";1981;5,7456352920068
"Andorra";1981;-0,132474511474285
"Armenia";1981;NA
"Australia";1981;3,33776813804133
"Austria";1981;-0,14429469056661
"Azerbaijan";1981;NA
"Belarus";1981;NA
"Belgium";1981;-0,279283279362133
"Bosnia and Herzegovina";1981;NA
"Bulgaria";1981;4,90016185983106
"Croatia";1981;NA
"Cyprus";1981;2,51699844067204
"Czech Republic";1981;NA
"Denmark";1981;-0,666124155581699
"Estonia";1981;NA
"Finland";1981;1,3158788537492
"France";1981;1,06901983853727
"Georgia";1981;5,2674236559411
"Germany";1981;0,529240556536067
"Greece";1981;-1,55372085644029
"Hungary";1981;NA
"Iceland";1981;4,26500709226671
"Ireland";1981;3,32521630118121
"Israel";1981;5,3399269801952
"Italy";1981;0,844227607248143
"Latvia";1981;NA
"Lithuania";1981;NA
"Luxembourg";1981;-0,550947827759458
"Macedonia";1981;NA
"Malta";1981;3,3117620744263
"Moldova";1981;NA
"Monaco";1981;0,922378369239851
"Montenegro";1981;NA
"Morocco";1981;-1,74343493044302
"Netherlands";1981;-0,783611707416071
"Norway";1981;1,59827436373983
"Poland";1981;NA
"Portugal";1981;1,61810421541844
"Romania";1981;NA
"Russia";1981;NA
"San Marino";1981;NA
"Serbia";1981;NA
"Serbia and Montenegro";1981;NA
"Slovakia";1981;NA
"Slovenia";1981;NA
"Spain";1981;-0,132468611426361
"Sweden";1981;0,45483041663563
"Switzerland";1981;1,60133601188332
"Turkey";1981;4,85664876652039
"Ukraine";1981;NA
"United Kingdom";1981;-0,787743851356353
"Yugoslavia";1981;NA
"Albania";1982;2,9485968015687
"Andorra";1982;1,24646111342557
"Armenia";1982;NA
"Australia";1982;3,32844193385323
"Austria";1982;2,01125470754351
"Azerbaijan";1982;NA
"Belarus";1982;NA
"Belgium";1982;0,594986772001008
"Bosnia and Herzegovina";1982;NA
"Bulgaria";1982;2,33456559219081
"Croatia";1982;NA
"Cyprus";1982;6,02170898483783
"Czech Republic";1982;NA
"Denmark";1982;3,68457296763364
"Estonia";1982;NA
"Finland";1982;3,10808869307027
"France";1982;2,50539661637579
"Georgia";1982;2,00153854146568
"Germany";1982;-0,394840774795966
"Greece";1982;-1,13264740070785
"Hungary";1982;NA
"Iceland";1982;2,15456624627028
"Ireland";1982;2,28346851428232
"Israel";1982;2,08249993071293
"Italy";1982;0,413585694627969
"Latvia";1982;NA
"Lithuania";1982;NA
"Luxembourg";1982;1,13129862124195
"Macedonia";1982;NA
"Malta";1982;2,2844523055533
"Moldova";1982;NA
"Monaco";1982;2,43238947167906
"Montenegro";1982;NA
"Morocco";1982;8,95737202264262
"Netherlands";1982;-1,24075659270838
"Norway";1982;0,235354478446709
"Poland";1982;NA
"Portugal";1982;2,13537507759274
"Romania";1982;NA
"Russia";1982;NA
"San Marino";1982;NA
"Serbia";1982;NA
"Serbia and Montenegro";1982;NA
"Slovakia";1982;NA
"Slovenia";1982;NA
"Spain";1982;1,24646170534606
"Sweden";1982;1,24866467922725
"Switzerland";1982;-1,30941762369659
"Turkey";1982;3,56322781218346
"Ukraine";1982;NA
"United Kingdom";1982;1,99489121570818
"Yugoslavia";1982;NA
"Albania";1983;1,104938261827
"Andorra";1983;1,7701183169326
"Armenia";1983;NA
"Australia";1983;-2,22047012220898
"Austria";1983;2,97308803031213
"Azerbaijan";1983;NA
"Belarus";1983;NA
"Belgium";1983;0,311842702585196
"Bosnia and Herzegovina";1983;NA
"Bulgaria";1983;3,43030591266272
"Croatia";1983;NA
"Cyprus";1983;5,58218170220279
"Czech Republic";1983;NA
"Denmark";1983;2,59607191923766
"Estonia";1983;NA
"Finland";1983;3,11658151416627
"France";1983;1,24086486211559
"Georgia";1983;4,30188684407258
"Germany";1983;1,57241016952116
"Greece";1983;-1,07862294708484
"Hungary";1983;NA
"Iceland";1983;-2,15116171794479
"Ireland";1983;-0,244300596361441
"Israel";1983;3,35910167578164
"Italy";1983;1,16920349453939
"Latvia";1983;NA
"Lithuania";1983;NA
"Luxembourg";1983;2,9890744098732
"Macedonia";1983;NA
"Malta";1983;-0,612390116892172
"Moldova";1983;NA
"Monaco";1983;1,19497334906886
"Montenegro";1983;NA
"Morocco";1983;1,38656957718641
"Netherlands";1983;2,06995788790063
"Norway";1983;3,97280881355124
"Poland";1983;NA
"Portugal";1983;-0,173113548251848
"Romania";1983;NA
"Russia";1983;NA
"San Marino";1983;NA
"Serbia";1983;NA
"Serbia and Montenegro";1983;NA
"Slovakia";1983;NA
"Slovenia";1983;NA
"Spain";1983;1,77011566326799
"Sweden";1983;1,90063873020327
"Switzerland";1983;0,639079567655898
"Turkey";1983;4,97108077727097
"Ukraine";1983;NA
"United Kingdom";1983;4,22185640855157
"Yugoslavia";1983;NA
"Albania";1984;-1,25159664469855
"Andorra";1984;1,78468669356731
"Armenia";1984;NA
"Australia";1984;4,58129721922676
"Austria";1984;0,0512747629668411
"Azerbaijan";1984;NA
"Belarus";1984;NA
"Belgium";1984;2,46638280528001
"Bosnia and Herzegovina";1984;NA
"Bulgaria";1984;3,39644362278422
"Croatia";1984;NA
"Cyprus";1984;8,75789438428602
"Czech Republic";1984;NA
"Denmark";1984;4,16613792284444
"Estonia";1984;NA
"Finland";1984;3,23769199585604
"France";1984;1,51372160344316
"Georgia";1984;5,42692297056458
"Germany";1984;2,82294780997955
"Greece";1984;2,01058062547541
"Hungary";1984;NA
"Iceland";1984;4,12911825743237
"Ireland";1984;4,35437189089987
"Israel";1984;0,933213767199945
"Italy";1984;3,22585231527985
"Latvia";1984;NA
"Lithuania";1984;NA
"Luxembourg";1984;6,18694108566717
"Macedonia";1984;NA
"Malta";1984;0,942370935479602
"Moldova";1984;NA
"Monaco";1984;1,48451563381917
"Montenegro";1984;NA
"Morocco";1984;6,41838632127607
"Netherlands";1984;3,06167918217261
"Norway";1984;6,05240316534181
"Poland";1984;NA
"Portugal";1984;-1,87997908934653
"Romania";1984;NA
"Russia";1984;NA
"San Marino";1984;NA
"Serbia";1984;NA
"Serbia and Montenegro";1984;NA
"Slovakia";1984;NA
"Slovenia";1984;NA
"Spain";1984;1,78468758048753
"Sweden";1984;4,22953524491705
"Switzerland";1984;3,00845627492943
"Turkey";1984;6,71201571206008
"Ukraine";1984;NA
"United Kingdom";1984;2,2691050845774
"Yugoslavia";1984;NA
"Albania";1985;1,78064395977269
"Andorra";1985;2,32143303219976
"Armenia";1985;NA
"Australia";1985;5,24932960928453
"Austria";1985;2,49867849748429
"Azerbaijan";1985;NA
"Belarus";1985;NA
"Belgium";1985;1,6517928990972
"Bosnia and Herzegovina";1985;NA
"Bulgaria";1985;2,68344073997304
"Croatia";1985;NA
"Cyprus";1985;4,88254077196271
"Czech Republic";1985;NA
"Denmark";1985;4,00375181515933
"Estonia";1985;NA
"Finland";1985;3,54889658723026
"France";1985;1,62278136715794
"Georgia";1985;4,9416554196843
"Germany";1985;2,32793526226367
"Greece";1985;2,50955661505074
"Hungary";1985;NA
"Iceland";1985;3,29284135948407
"Ireland";1985;3,08561450201421
"Israel";1985;4,03694010297161
"Italy";1985;2,79808576720868
"Latvia";1985;NA
"Lithuania";1985;NA
"Luxembourg";1985;2,79170714922567
"Macedonia";1985;NA
"Malta";1985;2,58527966638221
"Moldova";1985;NA
"Monaco";1985;1,70869968395459
"Montenegro";1985;NA
"Morocco";1985;6,00765207156169
"Netherlands";1985;2,58017977050262
"Norway";1985;5,55335896373643
"Poland";1985;NA
"Portugal";1985;2,80743885129478
"Romania";1985;NA
"Russia";1985;NA
"San Marino";1985;NA
"Serbia";1985;NA
"Serbia and Montenegro";1985;NA
"Slovakia";1985;NA
"Slovenia";1985;NA
"Spain";1985;2,32143575836614
"Sweden";1985;2,16037374565585
"Switzerland";1985;3,67359608868583
"Turkey";1985;4,24133571639945
"Ukraine";1985;NA
"United Kingdom";1985;4,14741507693289
"Yugoslavia";1985;NA
"Albania";1986;5,63724317825185
"Andorra";1986;3,25332177830622
"Armenia";1986;NA
"Australia";1986;4,03752885052448
"Austria";1986;2,3013932119724
"Azerbaijan";1986;NA
"Belarus";1986;NA
"Belgium";1986;1,82276183101794
"Bosnia and Herzegovina";1986;NA
"Bulgaria";1986;4,2076020043413
"Croatia";1986;NA
"Cyprus";1986;3,70395028952957
"Czech Republic";1986;NA
"Denmark";1986;4,90417835499042
"Estonia";1986;NA
"Finland";1986;2,75563345861494
"France";1986;2,33727634979969
"Georgia";1986;-8,17527589257097
"Germany";1986;2,28733922127036
"Greece";1986;0,517660267704301
"Hungary";1986;NA
"Iceland";1986;6,2705419896496
"Ireland";1986;-0,428329672726051
"Israel";1986;4,19014464559193
"Italy";1986;2,85997186384608
"Latvia";1986;NA
"Lithuania";1986;NA
"Luxembourg";1986;9,98392901261671
"Macedonia";1986;NA
"Malta";1986;3,88519000696459
"Moldova";1986;NA
"Monaco";1986;2,45236468239041
"Montenegro";1986;NA
"Morocco";1986;9,27110576947608
"Netherlands";1986;2,7869757369202
"Norway";1986;4,04225262081309
"Poland";1986;NA
"Portugal";1986;4,14095567971992
"Romania";1986;NA
"Russia";1986;NA
"San Marino";1986;NA
"Serbia";1986;NA
"Serbia and Montenegro";1986;NA
"Slovakia";1986;NA
"Slovenia";1986;NA
"Spain";1986;3,25332184173544
"Sweden";1986;2,69132317338637
"Switzerland";1986;1,8586327699405
"Turkey";1986;7,01203111054399
"Ukraine";1986;NA
"United Kingdom";1986;3,15034053587446
"Yugoslavia";1986;NA
"Albania";1987;-0,787842655012938
"Andorra";1987;5,54712217053779
"Armenia";1987;NA
"Australia";1987;2,55117045885154
"Austria";1987;1,35716806415441
"Azerbaijan";1987;NA
"Belarus";1987;NA
"Belgium";1987;2,30665956583917
"Bosnia and Herzegovina";1987;NA
"Bulgaria";1987;6,05451383876874
"Croatia";1987;NA
"Cyprus";1987;7,06525081210985
"Czech Republic";1987;NA
"Denmark";1987;0,254266314633725
"Estonia";1987;NA
"Finland";1987;3,57482613830207
"France";1987;2,56190033450119
"Georgia";1987;1,28204284825986
"Germany";1987;1,40215162742055
"Greece";1987;-2,25886342148172
"Hungary";1987;NA
"Iceland";1987;8,54593971299578
"Ireland";1987;4,66309057038006
"Israel";1987;7,13971136005674
"Italy";1987;3,19196062848015
"Latvia";1987;NA
"Lithuania";1987;NA
"Luxembourg";1987;3,9509822638087
"Macedonia";1987;NA
"Malta";1987;4,11051445185961
"Moldova";1987;NA
"Monaco";1987;2,48457417152692
"Montenegro";1987;NA
"Morocco";1987;-0,325004075718994
"Netherlands";1987;1,93124868495423
"Norway";1987;1,75340078899657
"Poland";1987;NA
"Portugal";1987;6,38139413490335
"Romania";1987;NA
"Russia";1987;NA
"San Marino";1987;NA
"Serbia";1987;NA
"Serbia and Montenegro";1987;NA
"Slovakia";1987;NA
"Slovenia";1987;NA
"Spain";1987;5,54712251525866
"Sweden";1987;3,35384298424782
"Switzerland";1987;1,58547821504646
"Turkey";1987;9,48553884246731
"Ukraine";1987;NA
"United Kingdom";1987;5,39273836588518
"Yugoslavia";1987;NA
"Albania";1988;-1,42003965482249
"Andorra";1988;5,09432620323258
"Armenia";1988;NA
"Australia";1988;5,74338158549649
"Austria";1988;3,29587989843014
"Azerbaijan";1988;NA
"Belarus";1988;NA
"Belgium";1988;4,72320888032857
"Bosnia and Herzegovina";1988;NA
"Bulgaria";1988;10,9446920641534
"Croatia";1988;NA
"Cyprus";1988;8,64677784552383
"Czech Republic";1988;NA
"Denmark";1988;-0,0136012052800965
"Estonia";1988;NA
"Finland";1988;5,21715032265726
"France";1988;4,74314219356484
"Georgia";1988;5,55555807916308
"Germany";1988;3,70723565949591
"Greece";1988;4,2878614908
"Hungary";1988;NA
"Iceland";1988;-0,0897260551564756
"Ireland";1988;5,21741440872275
"Israel";1988;2,91001620640323
"Italy";1988;4,19437730753005
"Latvia";1988;NA
"Lithuania";1988;NA
"Luxembourg";1988;8,46328403957857
"Macedonia";1988;NA
"Malta";1988;8,41423629573987
"Moldova";1988;NA
"Monaco";1988;4,59860147372071
"Montenegro";1988;NA
"Morocco";1988;11,8752359788077
"Netherlands";1988;3,44121886129396
"Norway";1988;-0,255347257779377
"Poland";1988;NA
"Portugal";1988;7,4891082892814
"Romania";1988;NA
"Russia";1988;NA
"San Marino";1988;NA
"Serbia";1988;NA
"Serbia and Montenegro";1988;NA
"Slovakia";1988;NA
"Slovenia";1988;NA
"Spain";1988;5,09432429766936
"Sweden";1988;2,55903866544574
"Switzerland";1988;3,27759619773865
"Turkey";1988;2,3207367939484
"Ukraine";1988;2,56646327002075
"United Kingdom";1988;5,73241364589943
"Yugoslavia";1988;NA
"Albania";1989;9,83654897047623
"Andorra";1989;4,82703424406891
"Armenia";1989;NA
"Australia";1989;3,86117351615441
"Austria";1989;3,88707481782052
"Azerbaijan";1989;NA
"Belarus";1989;NA
"Belgium";1989;3,46916698368338
"Bosnia and Herzegovina";1989;NA
"Bulgaria";1989;-3,28988206795439
"Croatia";1989;NA
"Cyprus";1989;7,94742553104604
"Czech Republic";1989;NA
"Denmark";1989;0,645187431976638
"Estonia";1989;NA
"Finland";1989;5,08714367418199
"France";1989;4,34386106267613
"Georgia";1989;-7,19520189572219
"Germany";1989;3,89655169214447
"Greece";1989;3,79999977814285
"Hungary";1989;NA
"Iceland";1989;0,258439859634535
"Ireland";1989;5,81391876791683
"Israel";1989;0,574746763584088
"Italy";1989;3,38838345408922
"Latvia";1989;NA
"Lithuania";1989;NA
"Luxembourg";1989;9,79805866965337
"Macedonia";1989;NA
"Malta";1989;8,17910558124018
"Moldova";1989;NA
"Monaco";1989;4,16365930906815
"Montenegro";1989;NA
"Morocco";1989;2,84620258129334
"Netherlands";1989;4,42011789608519
"Norway";1989;1,03828996935131
"Poland";1989;NA
"Portugal";1989;6,44063924027603
"Romania";1989;NA
"Russia";1989;NA
"San Marino";1989;NA
"Serbia";1989;NA
"Serbia and Montenegro";1989;NA
"Slovakia";1989;NA
"Slovenia";1989;NA
"Spain";1989;4,82703031232241
"Sweden";1989;2,65480692720075
"Switzerland";1989;4,33079401651648
"Turkey";1989;0,2902440687796
"Ukraine";1989;3,8731032107064
"United Kingdom";1989;2,57760269569438
"Yugoslavia";1989;NA
"Albania";1990;-9,57564016948643
"Andorra";1990;3,78138758962959
"Armenia";1990;NA
"Australia";1990;3,57099814702293
"Austria";1990;4,34564139947821
"Azerbaijan";1990;NA
"Belarus";1990;NA
"Belgium";1990;3,13740231557445
"Bosnia and Herzegovina";1990;NA
"Bulgaria";1990;-9,11737709653309
"Croatia";1990;NA
"Cyprus";1990;7,40399950603849
"Czech Republic";1990;NA
"Denmark";1990;1,4752442765041
"Estonia";1990;NA
"Finland";1990;0,670275844289762
"France";1990;2,92393508123074
"Georgia";1990;-14,7882259000602
"Germany";1990;5,25500608278011
"Greece";1990;0
"Hungary";1990;NA
"Iceland";1990;1,16937034688847
"Ireland";1990;8,46652874988607
"Israel";1990;7,31519936805334
"Italy";1990;1,98577494287171
"Latvia";1990;NA
"Lithuania";1990;NA
"Luxembourg";1990;5,31993278705365
"Macedonia";1990;NA
"Malta";1990;6,29139095831155
"Moldova";1990;NA
"Monaco";1990;2,64345417269378
"Montenegro";1990;NA
"Morocco";1990;3,4118122263138
"Netherlands";1990;4,18322298634072
"Norway";1990;1,93241982650521
"Poland";1990;NA
"Portugal";1990;3,95052276325154
"Romania";1990;NA
"Russia";1990;-2,9999956422359
"San Marino";1990;NA
"Serbia";1990;NA
"Serbia and Montenegro";1990;NA
"Slovakia";1990;NA
"Slovenia";1990;NA
"Spain";1990;3,78139337826686
"Sweden";1990;0,754674768666845
"Switzerland";1990;3,67462567277848
"Turkey";1990;9,26614667149323
"Ukraine";1990;-6,3452351284913
"United Kingdom";1990;0,733755502200452
"Yugoslavia";1990;NA
"Albania";1991;-28,002141656046
"Andorra";1991;2,54600287187591
"Armenia";1991;-11,6999984830362
"Australia";1991;-0,397817699614905
"Austria";1991;3,44162777669459
"Azerbaijan";1991;-0,700000182726626
"Belarus";1991;-1,19999556980412
"Belgium";1991;1,83307427728701
"Bosnia and Herzegovina";1991;NA
"Bulgaria";1991;-8,44535517671254
"Croatia";1991;NA
"Cyprus";1991;0,739501202599513
"Czech Republic";1991;-11,6149423314776
"Denmark";1991;1,39363399746793
"Estonia";1991;NA
"Finland";1991;-5,88632806942667
"France";1991;1,04817584704435
"Georgia";1991;-21,1000007278933
"Germany";1991;5,10826152190214
"Greece";1991;3,10000020465495
"Hungary";1991;NA
"Iceland";1991;-0,223525514689555
"Ireland";1991;1,92963995759796
"Israel";1991;7,72611512670143
"Italy";1991;1,53844755776618
"Latvia";1991;NA
"Lithuania";1991;NA
"Luxembourg";1991;8,64418819678005
"Macedonia";1991;-6,1707676470205
"Malta";1991;6,25649208213193
"Moldova";1991;NA
"Monaco";1991;1,01512789909873
"Montenegro";1991;NA
"Morocco";1991;7,21608816138237
"Netherlands";1991;2,43913440834392
"Norway";1991;3,08472139526602
"Poland";1991;-7,01557879623546
"Portugal";1991;4,36820646267402
"Romania";1991;-12,9182107304506
"Russia";1991;-5,04693945126729
"San Marino";1991;NA
"Serbia";1991;NA
"Serbia and Montenegro";1991;NA
"Slovakia";1991;NA
"Slovenia";1991;-8,90010793013177
"Spain";1991;2,54600054810226
"Sweden";1991;-1,14597486858065
"Switzerland";1991;-0,915816517441442
"Turkey";1991;0,720279035610048
"Ukraine";1991;-8,4106438886714
"United Kingdom";1991;-1,1031216255778
"Yugoslavia";1991;NA
"Albania";1992;-7,18711091636951
"Andorra";1992;0,929211956288995
"Armenia";1992;-41,8000027457562
"Australia";1992;0,41218470060933
"Austria";1992;2,09352461709183
"Azerbaijan";1992;-22,6000000456313
"Belarus";1992;-9,60000139597707
"Belgium";1992;1,53065494385902
"Bosnia and Herzegovina";1992;NA
"Bulgaria";1992;-7,2723879985458
"Croatia";1992;NA
"Cyprus";1992;9,39999901631703
"Czech Republic";1992;-0,506542369615516
"Denmark";1992;1,95700671183856
"Estonia";1992;NA
"Finland";1992;-3,29466006575714
"France";1992;1,59934267687127
"Georgia";1992;-44,8999994565328
"Germany";1992;1,923076559054
"Greece";1992;0,70000000474235
"Hungary";1992;-3,06418034584902
"Iceland";1992;-3,37389409090588
"Ireland";1992;3,34327389439903
"Israel";1992;7,75926601148029
"Italy";1992;0,834275453554895
"Latvia";1992;NA
"Lithuania";1992;NA
"Luxembourg";1992;1,81965629412947
"Macedonia";1992;-6,56519867685854
"Malta";1992;4,69093243062608
"Moldova";1992;NA
"Monaco";1992;1,36664015291778
"Montenegro";1992;NA
"Morocco";1992;-2,09773876147652
"Netherlands";1992;1,70607089720053
"Norway";1992;3,57439553891901
"Poland";1992;2,51497861151925
"Portugal";1992;1,08947640831229
"Romania";1992;-8,7672284522824
"Russia";1992;-14,5310737737734
"San Marino";1992;NA
"Serbia";1992;NA
"Serbia and Montenegro";1992;NA
"Slovakia";1992;NA
"Slovenia";1992;-5,46369777775708
"Spain";1992;0,929215548666747
"Sweden";1992;-1,15859276007859
"Switzerland";1992;-0,0437330190328282
"Turkey";1992;5,03563493896803
"Ukraine";1992;-9,69899857994184
"United Kingdom";1992;0,401082063847213
"Yugoslavia";1992;NA
"Albania";1993;9,55941169434753
"Andorra";1993;-1,0314840109577
"Armenia";1993;-8,7999987932935
"Australia";1993;4,02990646050326
"Austria";1993;0,526809203706492
"Azerbaijan";1993;-23,0999993095445
"Belarus";1993;-7,60000184221087
"Belgium";1993;-0,961873309776593
"Bosnia and Herzegovina";1993;NA
"Bulgaria";1993;-1,48021475855352
"Croatia";1993;NA
"Cyprus";1993;0,700000488145378
"Czech Republic";1993;0,0619042687638398
"Denmark";1993;0,0106876308268369
"Estonia";1993;NA
"Finland";1993;-0,661998030419085
"France";1993;-0,628666351905437
"Georgia";1993;-29,3000019726578
"Germany";1993;-0,976849818160517
"Greece";1993;-1,60000009687886
"Hungary";1993;-0,576108516775179
"Iceland";1993;1,3134493920417
"Ireland";1993;2,69260867693511
"Israel";1993;4,11675635345318
"Italy";1993;-0,852805763831867
"Latvia";1993;NA
"Lithuania";1993;NA
"Luxembourg";1993;4,20064754425511
"Macedonia";1993;-7,46927131858557
"Malta";1993;4,48074935883729
"Moldova";1993;NA
"Monaco";1993;-0,913917519098277
"Montenegro";1993;NA
"Morocco";1993;-0,740591692022178
"Netherlands";1993;1,25755215783573
"Norway";1993;2,84532436675762
"Poland";1993;3,73831030820928
"Portugal";1993;-2,04327653157694
"Romania";1993;1,52883449664077
"Russia";1993;-8,66854034149263
"San Marino";1993;NA
"Serbia";1993;NA
"Serbia and Montenegro";1993;NA
"Slovakia";1993;1,90132700913716
"Slovenia";1993;2,8434193136729
"Spain";1993;-1,03149186343941
"Sweden";1993;-2,06561636960983
"Switzerland";1993;-0,125983574259308
"Turkey";1993;7,65126520301509
"Ukraine";1993;-14,2261068823113
"United Kingdom";1993;2,48983097485453
"Yugoslavia";1993;NA
"Albania";1994;8,30286659112861
"Andorra";1994;2,38318769098808
"Armenia";1994;5,40000277917656
"Australia";1994;3,98389015293171
"Austria";1994;2,40211907379886
"Azerbaijan";1994;-19,7000007224173
"Belarus";1994;-11,7000038975536
"Belgium";1994;3,22697152488935
"Bosnia and Herzegovina";1994;NA
"Bulgaria";1994;1,81801119768079
"Croatia";1994;NA
"Cyprus";1994;5,89999870094493
"Czech Republic";1994;2,90930943320329
"Denmark";1994;5,33246271155308
"Estonia";1994;-1,6424213048235
"Finland";1994;3,96305242370121
"France";1994;2,35834218111899
"Georgia";1994;-10,3999939717277
"Germany";1994;2,39189207051331
"Greece";1994;1,99999982223559
"Hungary";1994;2,94715455833949
"Iceland";1994;3,60885795149595
"Ireland";1994;5,75582782660278
"Israel";1994;7,42784525298399
"Italy";1994;2,15102363802566
"Latvia";1994;NA
"Lithuania";1994;NA
"Luxembourg";1994;3,82091866137451
"Macedonia";1994;-1,75816618126913
"Malta";1994;5,65110473736064
"Moldova";1994;NA
"Monaco";1994;2,21562341135819
"Montenegro";1994;NA
"Morocco";1994;10,5880004006168
"Netherlands";1994;2,96109256914634
"Norway";1994;5,05542738771337
"Poland";1994;5,29280205842002
"Portugal";1994;0,964837925343673
"Romania";1994;3,93194272962506
"Russia";1994;-12,5697559797978
"San Marino";1994;NA
"Serbia";1994;NA
"Serbia and Montenegro";1994;NA
"Slovakia";1994;6,20552967875099
"Slovenia";1994;5,32748574261765
"Spain";1994;2,38319539651248
"Sweden";1994;3,92997283681697
"Switzerland";1994;1,26975768793037
"Turkey";1994;-4,66814736394838
"Ukraine";1994;-22,9340455357513
"United Kingdom";1994;3,84600913053607
"Yugoslavia";1994;NA
"Albania";1995;13,3223333200803
"Andorra";1995;2,75749918732981
"Armenia";1995;6,89999841973659
"Australia";1995;3,837755292963
"Austria";1995;2,66798353089548
"Azerbaijan";1995;-11,7999997319416
"Belarus";1995;-10,4000004914994
"Belgium";1995;2,38475727961249
"Bosnia and Herzegovina";1995;20,7999983991834
"Bulgaria";1995;2,8550510546256
"Croatia";1995;NA
"Cyprus";1995;8,36246930466569
"Czech Republic";1995;6,50081352909872
"Denmark";1995;3,0275872672533
"Estonia";1995;4,5266785598991
"Finland";1995;4,21686746987953
"France";1995;2,10669525325974
"Georgia";1995;2,59999672433722
"Germany";1995;1,54414649556445
"Greece";1995;2,0997198850111
"Hungary";1995;1,48952547509282
"Iceland";1995;0,116583692968035
"Ireland";1995;9,63442181333134
"Israel";1995;10,6888486037478
"Italy";1995;2,88683675924553
"Latvia";1995;NA
"Lithuania";1995;NA
"Luxembourg";1995;1,43220058790506
"Macedonia";1995;-1,11472769414412
"Malta";1995;6,34249318337498
"Moldova";1995;NA
"Monaco";1995;2,11715231125696
"Montenegro";1995;NA
"Morocco";1995;-5,40544786715996
"Netherlands";1995;3,11603598565915
"Norway";1995;4,15549133419204
"Poland";1995;7,10286553810295
"Portugal";1995;4,28278045950353
"Romania";1995;6,23351148371351
"Russia";1995;-4,14352840564905
"San Marino";1995;NA
"Serbia";1995;NA
"Serbia and Montenegro";1995;NA
"Slovakia";1995;5,84349598957452
"Slovenia";1995;4,10715835567802
"Spain";1995;2,75749399442464
"Sweden";1995;3,93519292606446
"Switzerland";1995;0,480866508886393
"Turkey";1995;7,87826687618991
"Ukraine";1995;-12,2000000224324
"United Kingdom";1995;2,53167003665999
"Yugoslavia";1995;NA
"Albania";1996;9,09999944360231
"Andorra";1996;4,64974014875021
"Armenia";1996;5,86540074943565
"Australia";1996;3,87858529337824
"Austria";1996;2,34953385169727
"Azerbaijan";1996;1,29999946501567
"Belarus";1996;2,80000465053934
"Belgium";1996;1,32145093041325
"Bosnia and Herzegovina";1996;88,9576668151009
"Bulgaria";1996;5,13891551042298
"Croatia";1996;5,90533971044781
"Cyprus";1996;1,24858157644654
"Czech Republic";1996;4,26541664546846
"Denmark";1996;2,90009976874006
"Estonia";1996;4,93597295875719
"Finland";1996;3,66717982978477
"France";1996;1,41299367250002
"Georgia";1996;11,2000020075437
"Germany";1996;0,80582289149001
"Greece";1996;2,86212937469028
"Hungary";1996;0,0824118000692522
"Iceland";1996;4,5731637764368
"Ireland";1996;7,41422951086483
"Israel";1996;5,03281706744612
"Italy";1996;1,26678480191715
"Latvia";1996;2,56942619726121
"Lithuania";1996;5,15846431747072
"Luxembourg";1996;1,38843119041294
"Macedonia";1996;1,18510388873231
"Malta";1996;3,77733576158326
"Moldova";1996;-5,87706020516869
"Monaco";1996;1,11073000156865
"Montenegro";1996;NA
"Morocco";1996;12,3728762760077
"Netherlands";1996;3,49874212057929
"Norway";1996;5,02794717187143
"Poland";1996;6,11538070947437
"Portugal";1996;3,50424706916527
"Romania";1996;3,90770208816159
"Russia";1996;-3,75506943900625
"San Marino";1996;NA
"Serbia";1996;6,26408264292986
"Serbia and Montenegro";1996;NA
"Slovakia";1996;6,61989535710377
"Slovenia";1996;3,20300580852732
"Spain";1996;2,66052445272342
"Sweden";1996;1,57945640649923
"Switzerland";1996;0,540027567700633
"Turkey";1996;7,37966447375686
"Ukraine";1996;-9,99999997528151
"United Kingdom";1996;2,49153317975488
"Yugoslavia";1996;NA
"Albania";1997;-10,9199840851035
"Andorra";1997;9,06767219910549
"Armenia";1997;3,32107970046953
"Australia";1997;3,96653766174953
"Austria";1997;2,09359938952392
"Azerbaijan";1997;5,80000001232963
"Belarus";1997;11,4000054053548
"Belgium";1997;3,79365762950188
"Bosnia and Herzegovina";1997;34,3895738165259
"Bulgaria";1997;-14,1928148094582
"Croatia";1997;6,20334158309859
"Cyprus";1997;2,64089463952175
"Czech Republic";1997;-0,518331043362068
"Denmark";1997;3,26089015774798
"Estonia";1997;13,0465340363945
"Finland";1997;6,33379565418399
"France";1997;2,33629652937944
"Georgia";1997;10,5190412217837
"Germany";1997;1,79216082094591
"Greece";1997;4,48419894307625
"Hungary";1997;3,14312906155838
"Iceland";1997;5,76047517520458
"Ireland";1997;10,9037303710277
"Israel";1997;3,92967264369386
"Italy";1997;1,83021223388438
"Latvia";1997;8,86359689887645
"Lithuania";1997;8,31092156187248
"Luxembourg";1997;5,70971540805283
"Macedonia";1997;1,43998133659125
"Malta";1997;5,2569801449754
"Moldova";1997;1,64706450310676
"Monaco";1997;2,2372487537137
"Montenegro";1997;NA
"Morocco";1997;-1,56070235606454
"Netherlands";1997;4,3290534045255
"Norway";1997;5,28459298480296
"Poland";1997;6,4490598348722
"Portugal";1997;4,40086775381248
"Romania";1997;-4,8490627379703
"Russia";1997;1,39991580461016
"San Marino";1997;NA
"Serbia";1997;7,2073798394178
"Serbia and Montenegro";1997;NA
"Slovakia";1997;5,92583855727595
"Slovenia";1997;5,04979345664498
"Spain";1997;3,70258028536841
"Sweden";1997;3,07052659296374
"Switzerland";1997;2,34014983408737
"Turkey";1997;7,57766364407608
"Ukraine";1997;-3,00000002693905
"United Kingdom";1997;3,85482999120725
"Yugoslavia";1997;NA
"Albania";1998;8,83008770869769
"Andorra";1998;3,19479029605816
"Armenia";1998;7,29999998770998
"Australia";1998;4,57668875918884
"Austria";1998;3,58142581460447
"Azerbaijan";1998;10,0000011653707
"Belarus";1998;8,39999142031991
"Belgium";1998;1,96180827198427
"Bosnia and Herzegovina";1998;15,5999968203633
"Bulgaria";1998;4,28528182196033
"Croatia";1998;2,2907627879565
"Cyprus";1998;6,11084674642566
"Czech Republic";1998;-0,356566596194511
"Denmark";1998;2,21815874223761
"Estonia";1998;4,33030087819655
"Finland";1998;5,45718050065875
"France";1998;3,58865942535427
"Georgia";1998;3,10490271777833
"Germany";1998;2,01393278519326
"Greece";1998;3,89490483653334
"Hungary";1998;3,89999839455832
"Iceland";1998;7,09556058268461
"Ireland";1998;8,69134293123761
"Israel";1998;3,91689352399681
"Italy";1998;1,81061516197623
"Latvia";1998;6,34079318561842
"Lithuania";1998;7,47575872433057
"Luxembourg";1998;6,04465261548125
"Macedonia";1998;3,37873564718296
"Malta";1998;5,12560123053581
"Moldova";1998;-6,54219202309288
"Monaco";1998;3,50326658904474
"Montenegro";1998;4,90000671330235
"Morocco";1998;7,23855268965383
"Netherlands";1998;4,66391716015247
"Norway";1998;2,62442622196583
"Poland";1998;4,64063436855272
"Portugal";1998;4,80796297573329
"Romania";1998;-2,02981290571721
"Russia";1998;-5,29996162531226
"San Marino";1998;7,4656188605108
"Serbia";1998;3,3408773579261
"Serbia and Montenegro";1998;4,12044203561423
"Slovakia";1998;4,07609633371622
"Slovenia";1998;3,27936544351304
"Spain";1998;4,39303735124493
"Sweden";1998;4,31183635326269
"Switzerland";1998;2,98989180179569
"Turkey";1998;2,40415026014556
"Ukraine";1998;-1,89999998314991
"United Kingdom";1998;3,64485339579952
"Yugoslavia";1998;5,88220182461226
"Albania";1999;12,8898967331889
"Andorra";1999;4,09908083663429
"Armenia";1999;3,30000000058166
"Australia";1999;5,07359909510564
"Austria";1999;3,55633124664169
"Azerbaijan";1999;7,39999958682314
"Belarus";1999;3,39999916322964
"Belgium";1999;3,54274346363066
"Bosnia and Herzegovina";1999;9,59999969554963
"Bulgaria";1999;-8,28101741381641
"Croatia";1999;-0,948053454816005
"Cyprus";1999;4,99796042248005
"Czech Republic";1999;1,38414894342924
"Denmark";1999;2,94802216063901
"Estonia";1999;-0,403432950234276
"Finland";1999;4,37957572274557
"France";1999;3,42137379882455
"Georgia";1999;2,86925704427721
"Germany";1999;1,88726115399444
"Greece";1999;3,0725963299848
"Hungary";1999;3,0710298892064
"Iceland";1999;4,04305007445554
"Ireland";1999;10,5035602957758
"Israel";1999;3,11459706919175
"Italy";1999;1,6257275993546
"Latvia";1999;2,74104438910037
"Lithuania";1999;-1,14157115625557
"Luxembourg";1999;8,48099983754646
"Macedonia";1999;4,33902791307588
"Malta";1999;4,71997488242211
"Moldova";1999;-3,36825452918943
"Monaco";1999;3,30054283439939
"Montenegro";1999;-9,40000140664895
"Morocco";1999;1,08133256173805
"Netherlands";1999;5,03404815181835
"Norway";1999;2,01286328876013
"Poland";1999;4,65482665906518
"Portugal";1999;3,90657744002579
"Romania";1999;-0,376660705758994
"Russia";1999;6,39991468973531
"San Marino";1999;9,04936014625228
"Serbia";1999;-9,4241616060844
"Serbia and Montenegro";1999;-9,41208150636668
"Slovakia";1999;-0,105914263197832
"Slovenia";1999;5,3326665718437
"Spain";1999;4,49049131553554
"Sweden";1999;4,24718414367548
"Switzerland";1999;1,69471982455498
"Turkey";1999;-3,26316841366706
"Ukraine";1999;-0,199999995369666
"United Kingdom";1999;3,42822332767811
"Yugoslavia";1999;-0,967910040031205
"Albania";2000;6,95003613422918
"Andorra";2000;3,52836129711103
"Armenia";2000;5,90000000312092
"Australia";2000;3,93313694470206
"Austria";2000;3,37572214708479
"Azerbaijan";2000;11,0999995034959
"Belarus";2000;5,80000344007455
"Belgium";2000;3,71667938420875
"Bosnia and Herzegovina";2000;5,50000050587651
"Bulgaria";2000;4,78204352345534
"Croatia";2000;2,86174684295204
"Cyprus";2000;5,96531031488554
"Czech Republic";2000;4,00102863502944
"Denmark";2000;3,74686259540198
"Estonia";2000;10,1065182988335
"Finland";2000;5,7733624584817
"France";2000;3,92366922704063
"Georgia";2000;1,83834106614221
"Germany";2000;2,91250296366708
"Greece";2000;3,91977070727938
"Hungary";2000;4,47919119279798
"Iceland";2000;4,89159327722459
"Ireland";2000;9,44575065685909
"Israel";2000;7,45518218558496
"Italy";2000;3,78695514323979
"Latvia";2000;5,67197491547509
"Lithuania";2000;3,69552542107776
"Luxembourg";2000;8,23980205975829
"Macedonia";2000;4,54913578288874
"Malta";2000;6,77019391099778
"Moldova";2000;2,10771604754427
"Monaco";2000;3,91022922578345
"Montenegro";2000;3,10000018370371
"Morocco";2000;1,91287298063767
"Netherlands";2000;4,1956424978691
"Norway";2000;3,20497922225218
"Poland";2000;4,56102546838335
"Portugal";2000;3,81617806346979
"Romania";2000;2,4612634592269
"Russia";2000;10,000066815788
"San Marino";2000;2,17937971500419
"Serbia";2000;6,13181308953254
"Serbia and Montenegro";2000;4,61590663661813
"Slovakia";2000;1,16652824699739
"Slovenia";2000;3,67237154968245
"Spain";2000;5,24599468041613
"Sweden";2000;4,7663488714872
"Switzerland";2000;3,93682353675122
"Turkey";2000;6,93323970849313
"Ukraine";2000;5,89999999908315
"United Kingdom";2000;3,43747162873862
"Yugoslavia";2000;4,25318643434945
"Albania";2001;8,29007002725658
"Andorra";2001;8,11935772169949
"Armenia";2001;9,59999999927597
"Australia";2001;1,93085759225417
"Austria";2001;1,26716818922992
"Azerbaijan";2001;9,90000013022203
"Belarus";2001;4,72530599387508
"Belgium";2001;1,09961888777849
"Bosnia and Herzegovina";2001;4,39999928046085
"Bulgaria";2001;3,81723975210657
"Croatia";2001;2,95771008343127
"Cyprus";2001;3,95256054086292
"Czech Republic";2001;3,04297656257042
"Denmark";2001;0,823152998014436
"Estonia";2001;5,97959830855058
"Finland";2001;2,61001912392074
"France";2001;1,98372141863292
"Georgia";2001;4,80545327255501
"Germany";2001;1,68146848097079
"Greece";2001;4,13161241961417
"Hungary";2001;4,07409262355981
"Iceland";2001;3,89881071371008
"Ireland";2001;5,27843104724919
"Israel";2001;0,118821351895676
"Italy";2001;1,95137155605238
"Latvia";2001;6,32281134955647
"Lithuania";2001;6,52610890248806
"Luxembourg";2001;2,53197481173196
"Macedonia";2001;-3,06725662451662
"Malta";2001;-1,17469665032539
"Moldova";2001;6,10000041286263
"Monaco";2001;2,18773253580883
"Montenegro";2001;1,09984271867472
"Morocco";2001;7,31996745420717
"Netherlands";2001;2,32695508699258
"Norway";2001;2,07479039388386
"Poland";2001;1,25847269363186
"Portugal";2001;1,94367229584959
"Romania";2001;5,21813625673708
"Russia";2001;5,10005122527505
"San Marino";2001;5,57834290401968
"Serbia";2001;6,87877476506638
"Serbia and Montenegro";2001;3,98930874187055
"Slovakia";2001;3,2537827286625
"Slovenia";2001;3,21656033452891
"Spain";2001;3,93294884333099
"Sweden";2001;1,44949861796981
"Switzerland";2001;1,31242362626911
"Turkey";2001;-5,75000655700364
"Ukraine";2001;9,20369481559182
"United Kingdom";2001;2,97436365273566
"Yugoslavia";2001;3,71057743643243
"Albania";2002;4,53996064044722
"Andorra";2002;4,54636221364653
"Armenia";2002;13,1999999979356
"Australia";2002;4,0014040616517
"Austria";2002;1,65155392186669
"Azerbaijan";2002;9,43891634238625
"Belarus";2002;5,04526748002185
"Belgium";2002;1,70688458453354
"Bosnia and Herzegovina";2002;5,30000063322882
"Bulgaria";2002;5,95303440817962
"Croatia";2002;5,67815670956782
"Cyprus";2002;3,72295649883057
"Czech Republic";2002;1,56985532822202
"Denmark";2002;0,46634557149423
"Estonia";2002;6,80239689817408
"Finland";2002;1,70714896198065
"France";2002;1,13553148214601
"Georgia";2002;5,47383680119593
"Germany";2002;-0,197973834771361
"Greece";2002;3,92287186165746
"Hungary";2002;4,7412834664994
"Iceland";2002;0,681171005936406
"Ireland";2002;5,91981638204682
"Israel";2002;-0,0148605707376106
"Italy";2002;0,253942998968455
"Latvia";2002;7,08278843335441
"Lithuania";2002;6,75141457592376
"Luxembourg";2002;3,81946933291928
"Macedonia";2002;1,49366547202928
"Malta";2002;2,56526368373224
"Moldova";2002;7,79999964149971
"Monaco";2002;1,02649507922119
"Montenegro";2002;1,90393392048746
"Morocco";2002;3,12144965600538
"Netherlands";2002;0,21727359494956
"Norway";2002;1,44625413960414
"Poland";2002;2,03590350105117
"Portugal";2002;0,770924024291219
"Romania";2002;5,70299165043771
"Russia";2002;4,69999190873524
"San Marino";2002;0,310800310800303
"Serbia";2002;6,38040530400453
"Serbia and Montenegro";2002;4,142169612246
"Slovakia";2002;4,50944400102244
"Slovenia";2002;3,50559805692072
"Spain";2002;2,73102223160264
"Sweden";2002;2,1969210621746
"Switzerland";2002;0,162612986940559
"Turkey";2002;6,4477220524344
"Ukraine";2002;5,24934061999014
"United Kingdom";2002;2,3243511221289
"Yugoslavia";2002;4,55361892484187
"Albania";2003;5,5300507779332
"Andorra";2003;8,69420371612468
"Armenia";2003;14,0000000015501
"Australia";2003;2,98593432165801
"Austria";2003;0,941470920725337
"Azerbaijan";2003;10,2083000110732
"Belarus";2003;7,04319255874692
"Belgium";2003;1,03798254902905
"Bosnia and Herzegovina";2003;3,9999997109359
"Bulgaria";2003;5,15184101085522
"Croatia";2003;5,63579851801137
"Cyprus";2003;2,6232861229859
"Czech Republic";2003;3,58368845880418
"Denmark";2003;0,390058556485101
"Estonia";2003;7,56669008183242
"Finland";2003;2,00378420285061
"France";2003;0,823160756684118
"Georgia";2003;11,0587231936646
"Germany";2003;-0,700116686114356
"Greece";2003;5,794530976397
"Hungary";2003;4,08452398526845
"Iceland";2003;2,26813694342812
"Ireland";2003;3,01996841279508
"Israel";2003;0,970458541059443
"Italy";2003;0,138626890776507
"Latvia";2003;8,43447503317574
"Lithuania";2003;10,565956988762
"Luxembourg";2003;1,62928558525141
"Macedonia";2003;2,22260165732409
"Malta";2003;4,07406758949924
"Moldova";2003;6,6000000377682
"Monaco";2003;1,08753659638623
"Montenegro";2003;2,48265936070939
"Morocco";2003;5,96116215478284
"Netherlands";2003;0,155645898017013
"Norway";2003;0,910105664307537
"Poland";2003;3,49839918393234
"Portugal";2003;-0,930521192623061
"Romania";2003;2,34114732919521
"Russia";2003;7,29995234453868
"San Marino";2003;3,87296669248644
"Serbia";2003;4,38775702299594
"Serbia and Montenegro";2003;3,43520819185266
"Slovakia";2003;5,49908215059925
"Slovenia";2003;2,96026028579455
"Spain";2003;2,98189483596207
"Sweden";2003;2,30981059032811
"Switzerland";2003;0,0395765719656112
"Turkey";2003;5,76320606924318
"Ukraine";2003;9,51592306455673
"United Kingdom";2003;3,28637759033414
"Yugoslavia";2003;3,89329497968943
"Albania";2004;5,5099986931984
"Andorra";2004;8,13567633837351
"Armenia";2004;10,4999999988202
"Australia";2004;4,05545196750958
"Austria";2004;2,73512022241023
"Azerbaijan";2004;9,25380132627771
"Belarus";2004;11,4497431053961
"Belgium";2004;3,5712043433582
"Bosnia and Herzegovina";2004;6,0999667983028
"Bulgaria";2004;6,44185946256435
"Croatia";2004;4,15457685638678
"Cyprus";2004;5,02634392575987
"Czech Republic";2004;4,81426100126959
"Denmark";2004;2,66821926741747
"Estonia";2004;6,76745571591827
"Finland";2004;3,99209129032087
"France";2004;2,82975292869891
"Georgia";2004;5,79449634569851
"Germany";2004;1,17508813160987
"Greece";2004;5,06099275875546
"Hungary";2004;4,82285347250544
"Iceland";2004;8,04220482331569
"Ireland";2004;6,72135352344678
"Israel";2004;4,18588241443997
"Italy";2004;1,42359415817907
"Latvia";2004;8,50126750533843
"Lithuania";2004;6,56949011753593
"Luxembourg";2004;3,61217865779918
"Macedonia";2004;4,67408957960916
"Malta";2004;0,14026853724036
"Moldova";2004;7,39999968991071
"Monaco";2004;2,4704844477783
"Montenegro";2004;4,42605295805207
"Morocco";2004;4,79701836216324
"Netherlands";2004;1,98494571422152
"Norway";2004;3,96941456013641
"Poland";2004;4,98282212348474
"Portugal";2004;1,78873568157121
"Romania";2004;10,4281130180976
"Russia";2004;7,19994786994475
"San Marino";2004;4,5488441461596
"Serbia";2004;9,02819692829154
"Serbia and Montenegro";2004;6,72712494317181
"Slovakia";2004;5,27887999072587
"Slovenia";2004;4,35919277843995
"Spain";2004;3,12279524151424
"Sweden";2004;4,33685615384474
"Switzerland";2004;2,77622340207608
"Turkey";2004;9,79593638222993
"Ukraine";2004;12,1087694905521
"United Kingdom";2004;2,37395142770163
"Yugoslavia";2004;5,61359726389463
"Albania";2005;5,52991480926491
"Andorra";2005;5,39779598500422
"Armenia";2005;13,8999999991133
"Australia";2005;3,20426979287869
"Austria";2005;2,24406532463878
"Azerbaijan";2005;27,9615380685244
"Belarus";2005;9,40000152357688
"Belgium";2005;2,32173705381926
"Bosnia and Herzegovina";2005;8,75925684646404
"Bulgaria";2005;7,15354138054481
"Croatia";2005;4,30849337871648
"Cyprus";2005;4,85300383835666
"Czech Republic";2005;6,60161752988951
"Denmark";2005;2,33664130821947
"Estonia";2005;9,49029733597042
"Finland";2005;2,77985055556123
"France";2005;1,66321998030079
"Georgia";2005;9,58957406160836
"Germany";2005;0,731707163554191
"Greece";2005;0,599142125680459
"Hungary";2005;4,24362288413205
"Iceland";2005;6,33000005313524
"Ireland";2005;5,7000896415169
"Israel";2005;3,91169329117949
"Italy";2005;0,817848973650598
"Latvia";2005;10,7250862990309
"Lithuania";2005;7,73236760360545
"Luxembourg";2005;3,17244170941073
"Macedonia";2005;4,72408864201974
"Malta";2005;3,38359372183241
"Moldova";2005;7,50000013866914
"Monaco";2005;1,89541528131781
"Montenegro";2005;4,18060152722231
"Morocco";2005;3,29163968433596
"Netherlands";2005;2,05087610813881
"Norway";2005;2,62545762627546
"Poland";2005;3,50684745343695
"Portugal";2005;0,78184821592744
"Romania";2005;4,6681480508487
"Russia";2005;6,39996544785382
"San Marino";2005;2,42510699001426
"Serbia";2005;5,53034712145433
"Serbia and Montenegro";2005;4,85547432433832
"Slovakia";2005;6,62346321492461
"Slovenia";2005;3,79797264198646
"Spain";2005;3,65203267433178
"Sweden";2005;2,85880323990261
"Switzerland";2005;3,11524564881489
"Turkey";2005;8,99230494390505
"Ukraine";2005;2,99730011170958
"United Kingdom";2005;3,17972889318253
"Yugoslavia";2005;5,31533430316872
"Albania";2006;5,90008395738064
"Andorra";2006;4,80868869916921
"Armenia";2006;13,1999999994661
"Australia";2006;2,79453702446311
"Austria";2006;3,45404183614122
"Azerbaijan";2006;34,4662093637953
"Belarus";2006;9,99999481247372
"Belgium";2006;2,55234994366351
"Bosnia and Herzegovina";2006;5,41400357079434
"Bulgaria";2006;6,80216757925123
"Croatia";2006;4,99328763230982
"Cyprus";2006;4,71382866563106
"Czech Republic";2006;6,76693268125427
"Denmark";2006;3,9130079783106
"Estonia";2006;9,7187597467109
"Finland";2006;4,02740965802573
"France";2006;2,44932360111885
"Georgia";2006;9,41977064759736
"Germany";2006;3,816441912988
"Greece";2006;5,65243361851211
"Hungary";2006;4,03101326691535
"Iceland";2006;5,24882119079597
"Ireland";2006;5,070900538792
"Israel";2006;5,56443513080241
"Italy";2006;1,79063968081796
"Latvia";2006;11,9863628471386
"Lithuania";2006;7,41412133545715
"Luxembourg";2006;5,17848460186509
"Macedonia";2006;5,13702516153505
"Malta";2006;2,51014276491921
"Moldova";2006;4,79999985009476
"Monaco";2006;5,80393653563056
"Montenegro";2006;8,56641950822812
"Morocco";2006;7,57463164458541
"Netherlands";2006;3,46098895411502
"Norway";2006;2,39979082117745
"Poland";2006;6,13114394606158
"Portugal";2006;1,62503417629674
"Romania";2006;8,02881107599163
"Russia";2006;8,200068255056
"San Marino";2006;3,83008356545962
"Serbia";2006;5,10779014122984
"Serbia and Montenegro";2006;6,83710482472898
"Slovakia";2006;8,49317758711238
"Slovenia";2006;5,746396900645
"Spain";2006;4,10272711542463
"Sweden";2006;4,66277355175126
"Switzerland";2006;3,9886341036744
"Turkey";2006;6,9479880856863
"Ukraine";2006;7,43991793435069
"United Kingdom";2006;2,78832456587739
"Yugoslavia";2006;5,96557955064142
"Albania";2007;5,97998203625438
"Andorra";2007;1,55318814103222
"Armenia";2007;13,7000000015467
"Australia";2007;3,84423031556788
"Austria";2007;3,72741530093519
"Azerbaijan";2007;25,4632159061216
"Belarus";2007;8,6000065362481
"Belgium";2007;3,67688113594973
"Bosnia and Herzegovina";2007;5,85911840234161
"Bulgaria";2007;6,55708105188404
"Croatia";2007;5,06762513457255
"Cyprus";2007;5,09806845261184
"Czech Republic";2007;5,57033885921025
"Denmark";2007;0,909238928302372
"Estonia";2007;7,57358007607853
"Finland";2007;5,29933650739021
"France";2007;2,42473624337305
"Georgia";2007;12,5789534308973
"Germany";2007;2,97645513131597
"Greece";2007;3,27374681647711
"Hungary";2007;0,242181101313662
"Iceland";2007;9,36531937639815
"Ireland";2007;5,32426755875225
"Israel";2007;5,77348250618796
"Italy";2007;1,48707298036786
"Latvia";2007;10,0270996509004
"Lithuania";2007;11,1074801410501
"Luxembourg";2007;8,35455406874028
"Macedonia";2007;6,47348685752347
"Malta";2007;4,77470580212436
"Moldova";2007;3,00000023969456
"Monaco";2007;14,4288990234727
"Montenegro";2007;6,81015049116694
"Morocco";2007;3,53159415154489
"Netherlands";2007;3,77284252073882
"Norway";2007;2,99425185125679
"Poland";2007;7,06154381310782
"Portugal";2007;2,50657964551773
"Romania";2007;7,23380774362805
"Russia";2007;8,49997776846357
"San Marino";2007;7,10932260228034
"Serbia";2007;6,43952555416212
"Serbia and Montenegro";2007;6,62483802266453
"Slovakia";2007;10,8320288326386
"Slovenia";2007;6,98016075450694
"Spain";2007;3,60468797126931
"Sweden";2007;3,43922177600065
"Switzerland";2007;4,11187778486608
"Turkey";2007;5,04350792469846
"Ukraine";2007;7,59352040825819
"United Kingdom";2007;2,43055320120308
"Yugoslavia";2007;6,23131606735003
"Albania";2008;7,49996956029166
"Andorra";2008;-5,55918636850581
"Armenia";2008;6,90000000042959
"Australia";2008;3,65795352556486
"Austria";2008;1,4604236757386
"Azerbaijan";2008;10,5914372943933
"Belarus";2008;10,1999994395436
"Belgium";2008;0,446928735275904
"Bosnia and Herzegovina";2008;5,44184678922166
"Bulgaria";2008;6,08562760690579
"Croatia";2008;1,89345290008815
"Cyprus";2008;3,6468119905756
"Czech Republic";2008;2,68641195092762
"Denmark";2008;-0,512016744849106
"Estonia";2008;-5,08894290133486
"Finland";2008;0,783995060876521
"France";2008;0,254945960124005
"Georgia";2008;2,41857165904172
"Germany";2008;0,95987913356484
"Greece";2008;-0,335172452094639
"Hungary";2008;1,0582892500439
"Iceland";2008;1,99198082855523
"Ireland";2008;-4,48038347614992
"Israel";2008;2,99648306095004
"Italy";2008;-0,962012840579291
"Latvia";2008;-3,32730003999858
"Lithuania";2008;2,61442303328732
"Luxembourg";2008;-1,27958624140669
"Macedonia";2008;5,47200139015595
"Malta";2008;3,8263591660248
"Moldova";2008;7,80000014465953
"Monaco";2008;0,666834793181863
"Montenegro";2008;7,22275203419028
"Morocco";2008;5,92327768597593
"Netherlands";2008;2,17032485133603
"Norway";2008;0,476379999491613
"Poland";2008;4,19996229248767
"Portugal";2008;0,319247925063081
"Romania";2008;9,30746717077338
"Russia";2008;5,19996926498843
"San Marino";2008;-0,500939261114581
"Serbia";2008;5,6555766215919
"Serbia and Montenegro";2008;6,43916432789109
"Slovakia";2008;5,57488636153474
"Slovenia";2008;3,50984151699558
"Spain";2008;0,887145182485298
"Sweden";2008;-0,450559256743361
"Switzerland";2008;2,1547019611267
"Turkey";2008;0,815024570978082
"Ukraine";2008;2,30402491084496
"United Kingdom";2008;-0,281153555903288
"Yugoslavia";2008;4,74469397241751
"Albania";2009;3,35006652793865
"Andorra";2009;-5,30284654348291
"Armenia";2009;-14,1000000006998
"Australia";2009;1,93699392030038
"Austria";2009;-3,76457817791677
"Azerbaijan";2009;9,36907477711533
"Belarus";2009;0,199995310014472
"Belgium";2009;-2,02074306169408
"Bosnia and Herzegovina";2009;-3,00445593013346
"Bulgaria";2009;-3,37483832880535
"Croatia";2009;-7,32353731934752
"Cyprus";2009;-2,01526235906867
"Czech Republic";2009;-4,65733109171755
"Denmark";2009;-4,90654772965155
"Estonia";2009;-14,4338673230625
"Finland";2009;-8,0744474323113
"France";2009;-2,87331382849631
"Georgia";2009;-3,65051363069394
"Germany";2009;-5,69383633640285
"Greece";2009;-4,30073390776887
"Hungary";2009;-6,69955413727229
"Iceland";2009;-6,77721508378367
"Ireland";2009;-5,07921247175985
"Israel";2009;0,924262670543058
"Italy";2009;-5,2809372082931
"Latvia";2009;-14,2597185860511
"Lithuania";2009;-14,8386083735986
"Luxembourg";2009;-4,35860654687093
"Macedonia";2009;-0,358614856979671
"Malta";2009;-1,13387365460049
"Moldova";2009;-6,00000028938908
"Monaco";2009;-11,3000006173509
"Montenegro";2009;-5,79509618402625
"Morocco";2009;4,24375732083367
"Netherlands";2009;-3,66688393735825
"Norway";2009;-1,72702030948713
"Poland";2009;2,83218458943098
"Portugal";2009;-3,12207942033321
"Romania";2009;-5,51739440805439
"Russia";2009;-7,79999391343111
"San Marino";2009;-10,3209565764632
"Serbia";2009;-2,73175198917728
"Serbia and Montenegro";2009;-4,26342408660177
"Slovakia";2009;-5,45553323068241
"Slovenia";2009;-7,54843779134178
"Spain";2009;-3,76323192690089
"Sweden";2009;-4,33979057452935
"Switzerland";2009;-2,22210715877745
"Turkey";2009;-4,82315394899531
"Ukraine";2009;-14,7585621734729
"United Kingdom";2009;-4,24782176303837
"Yugoslavia";2009;-5,28065584280526
"Albania";2010;3,70689230100683
"Andorra";2010;-1,97495799965345
"Armenia";2010;2,2000000002151
"Australia";2010;2,067417127684
"Austria";2010;1,83709367680054
"Azerbaijan";2010;4,78924279245962
"Belarus";2010;7,79826682269731
"Belgium";2010;2,86429270764155
"Bosnia and Herzegovina";2010;0,865669260237084
"Bulgaria";2010;0,559446489731144
"Croatia";2010;-1,31656297984225
"Cyprus";2010;2,01469570699406
"Czech Republic";2010;2,43490215904518
"Denmark";2010;1,87099114718497
"Estonia";2010;2,69032839901406
"Finland";2010;3,18595865407703
"France";2010;1,94943762312663
"Georgia";2010;6,24948776787187
"Germany";2010;4,17988249873657
"Greece";2010;-5,47903689372846
"Hungary";2010;1,12217824979848
"Iceland";2010;-3,43587559404847
"Ireland";2010;1,80997931190268
"Israel";2010;5,60113762485308
"Italy";2010;1,71329583916922
"Latvia";2010;-4,4068236355224
"Lithuania";2010;1,65124065328366
"Luxembourg";2010;4,86496897912487
"Macedonia";2010;3,35875085773812
"Malta";2010;5,54364001072236
"Moldova";2010;7,10000008379275
"Monaco";2010;2,09999989913061
"Montenegro";2010;2,73437929219654
"Morocco";2010;3,8157179167666
"Netherlands";2010;1,34273933636553
"Norway";2010;0,701833823862358
"Poland";2010;3,74051777907684
"Portugal";2010;1,73762547590566
"Romania";2010;-3,90123628018621
"Russia";2010;4,50000000003065
"San Marino";2010;-5,47368421052632
"Serbia";2010;0,73104455254213
"Serbia and Montenegro";2010;1,73271192236934
"Slovakia";2010;5,87125610880706
"Slovenia";2010;1,34374847220215
"Spain";2010;0,163010230841422
"Sweden";2010;5,95210700755608
"Switzerland";2010;3,00269906375317
"Turkey";2010;8,42710432293381
"Ukraine";2010;3,83439250483319
"United Kingdom";2010;1,94952146428622
"Yugoslavia";2010;0,871655719467131
"Albania";2011;2,54532184477017
"Andorra";2011;-0,00806975341139093
"Armenia";2011;4,69999999867412
"Australia";2011;2,46275631162725
"Austria";2011;2,92279728368581
"Azerbaijan";2011;-1,57299762108384
"Belarus";2011;5,37870744981015
"Belgium";2011;1,69451389861332
"Bosnia and Herzegovina";2011;0,959511247241267
"Bulgaria";2011;2,35455692273156
"Croatia";2011;-0,198369263496232
"Cyprus";2011;0,401437941132741
"Czech Republic";2011;1,76035962445222
"Denmark";2011;1,33677776690328
"Estonia";2011;7,44393610392831
"Finland";2011;2,54766483842627
"France";2011;2,19270063266654
"Georgia";2011;7,3999998671419
"Germany";2011;3,92519270463411
"Greece";2011;-9,13249417175027
"Hungary";2011;1,93710779352188
"Iceland";2011;1,88162027973722
"Ireland";2011;0,343441112458279
"Israel";2011;4,78349750863643
"Italy";2011;0,707333347034435
"Latvia";2011;6,46884995004382
"Lithuania";2011;6,03900816040344
"Luxembourg";2011;2,53923576779506
"Macedonia";2011;2,33988604520331
"Malta";2011;0,467050564252574
"Moldova";2011;5,81816640453509
"Monaco";2011;7
"Montenegro";2011;3,22841902153232
"Morocco";2011;5,24569729729485
"Netherlands";2011;1,55118931244651
"Norway";2011;0,981469497299358
"Poland";2011;4,75763800382072
"Portugal";2011;-1,69616478061504
"Romania";2011;1,90606770748846
"Russia";2011;4,3000291857941
"San Marino";2011;-8,3147735708983
"Serbia";2011;2,0362766886403
"Serbia and Montenegro";2011;2,63234785508631
"Slovakia";2011;2,84721817797882
"Slovenia";2011;0,861327732719303
"Spain";2011;-0,81437345515107
"Sweden";2011;3,1953332348894
"Switzerland";2011;1,69280851305236
"Turkey";2011;11,2001105827376
"Ukraine";2011;5,46550184584432
"United Kingdom";2011;1,54014740315958
"Yugoslavia";2011;1,37743308532739
"Albania";2012;1,41752599216287
"Andorra";2012;-4,97444371853503
"Armenia";2012;7,20000000096486
"Australia";2012;3,91816287094112
"Austria";2012;0,680445576816723
"Azerbaijan";2012;2,20293902267821
"Belarus";2012;1,68713553642841
"Belgium";2012;0,739217283058679
"Bosnia and Herzegovina";2012;-0,821836474216894
"Bulgaria";2012;0,356586982837044
"Croatia";2012;-2,3917742692408
"Cyprus";2012;-3,44682208589713
"Czech Republic";2012;-0,785004299003617
"Denmark";2012;0,226499791802965
"Estonia";2012;3,12484637290247
"Finland";2012;-1,39754572817782
"France";2012;0,313134751077172
"Georgia";2012;6,3690083063386
"Germany";2012;0,418497594217598
"Greece";2012;-7,30049406220242
"Hungary";2012;-1,38062332775523
"Iceland";2012;1,29643760789892
"Ireland";2012;0,225714790371583
"Israel";2012;2,25723755698695
"Italy";2012;-2,98090576823772
"Latvia";2012;4,25172304811186
"Lithuania";2012;3,8438647490634
"Luxembourg";2012;-0,352520089272659
"Macedonia";2012;-0,456183223607937
"Malta";2012;4,11770637605775
"Moldova";2012;-0,589734125919819
"Monaco";2012;1,000000923315
"Montenegro";2012;-2,72379678759462
"Morocco";2012;3,00996126221978
"Netherlands";2012;-1,03035399148436
"Norway";2012;2,70307385484266
"Poland";2012;1,32489082785044
"Portugal";2012;-4,05729360769561
"Romania";2012;2,04066513079732
"Russia";2012;4,02408615720979
"San Marino";2012;-7,04453441295546
"Serbia";2012;-0,68154236933475
"Serbia and Montenegro";2012;-1,70266957846468
"Slovakia";2012;1,89674227140716
"Slovenia";2012;-2,63943875676689
"Spain";2012;-2,95944130173555
"Sweden";2012;-0,588304568990736
"Switzerland";2012;1,0060240455055
"Turkey";2012;4,78849270937106
"Ukraine";2012;0,238681720768113
"United Kingdom";2012;1,4789239242734
"Yugoslavia";2012;-1,85167773143079
"Albania";2013;1,00198715014967
"Andorra";2013;-3,54759651549344
"Armenia";2013;3,3
"Australia";2013;2,58489770154893
"Austria";2013;0,0255047121972183
"Azerbaijan";2013;5,8434157623727
"Belarus";2013;1,00347084085645
"Belgium";2013;0,459242192907709
"Bosnia and Herzegovina";2013;2,3498566632458
"Bulgaria";2013;0,325769436153124
"Croatia";2013;-0,447092176997273
"Cyprus";2013;-6,55307825499119
"Czech Republic";2013;-0,0459036735515213
"Denmark";2013;0,933340972371226
"Estonia";2013;1,34618473238244
"Finland";2013;-0,901696316194844
"France";2013;0,576326674771792
"Georgia";2013;3,62130535196276
"Germany";2013;0,437591303144671
"Greece";2013;-3,24142473106683
"Hungary";2013;1,86075162441399
"Iceland";2013;4,13385115003635
"Ireland";2013;1,35163384675889
"Israel";2013;4,14805450271368
"Italy";2013;-1,84106545088248
"Latvia";2013;2,31017607605585
"Lithuania";2013;3,55007284270485
"Luxembourg";2013;3,65437134208327
"Macedonia";2013;2,92525766450484
"Malta";2013;5,47335591422899
"Moldova";2013;9,0438654824315
"Monaco";2013;9,59999846418893
"Montenegro";2013;3,54898055211466
"Morocco";2013;4,53542420003856
"Netherlands";2013;-0,130175288449919
"Norway";2013;1,03407291353631
"Poland";2013;1,12576783609582
"Portugal";2013;-0,922644674527888
"Romania";2013;3,77096230437297
"Russia";2013;1,75542214909368
"San Marino";2013;-0,78397212543554
"Serbia";2013;2,89263673355808
"Serbia and Montenegro";2013;3,22080864283637
"Slovakia";2013;0,666535041763396
"Slovenia";2013;-1,02928277204056
"Spain";2013;-1,43539425919327
"Sweden";2013;1,187775715906
"Switzerland";2013;1,85203981617654
"Turkey";2013;8,48581700166973
"Ukraine";2013;-0,0266978900718868
"United Kingdom";2013;2,1394857181109
"Yugoslavia";2013;1,46301979997614
"Albania";2014;1,77448678495493
"Andorra";2014;2,50446552114518
"Armenia";2014;3,60000000058993
"Australia";2014;2,5331146653882
"Austria";2014;0,661272848852605
"Azerbaijan";2014;2,79758543403612
"Belarus";2014;1,72638485417002
"Belgium";2014;1,57853314322614
"Bosnia and Herzegovina";2014;1,15385109200403
"Bulgaria";2014;1,88546463842944
"Croatia";2014;-0,34145251686769
"Cyprus";2014;-1,82930910922002
"Czech Republic";2014;2,26210289708078
"Denmark";2014;1,61939381103033
"Estonia";2014;2,98732482453686
"Finland";2014;-0,364908156882066
"France";2014;0,956183052371557
"Georgia";2014;4,43192482309078
"Germany";2014;2,20954343134872
"Greece";2014;0,739776853966688
"Hungary";2014;4,22895073481537
"Iceland";2014;2,0826231642619
"Ireland";2014;8,55668815348987
"Israel";2014;3,75820016332611
"Italy";2014;-0,00454754236383792
"Latvia";2014;1,07363408715679
"Lithuania";2014;3,53700987901611
"Luxembourg";2014;4,29678630500703
"Macedonia";2014;3,62912351276373
"Malta";2014;7,6335384644276
"Moldova";2014;4,99962566891807
"Monaco";2014;7,20000071732574
"Montenegro";2014;1,78371215072646
"Morocco";2014;2,66949392694423
"Netherlands";2014;1,42339539510084
"Norway";2014;1,9695443007939
"Poland";2014;3,37857807264132
"Portugal";2014;0,792190301875365
"Romania";2014;3,60872365319838
"Russia";2014;0,736267221415574
"San Marino";2014;-0,702370500438988
"Serbia";2014;-1,58951031990257
"Serbia and Montenegro";2014;0,097100915411945
"Slovakia";2014;2,64158974610042
"Slovenia";2014;2,76815883065036
"Spain";2014;1,38390794267029
"Sweden";2014;2,65779827531642
"Switzerland";2014;2,44921805580964
"Turkey";2014;4,93971516020883
"Ukraine";2014;-6,55263129365765
"United Kingdom";2014;2,60747590068877
"Yugoslavia";2014;0,754951847322118
"Albania";2015;2,21875223166761
"Andorra";2015;1,43414039522716
"Armenia";2015;3,19999999896625
"Australia";2015;2,19264742646037
"Austria";2015;1,01450158590511
"Azerbaijan";2015;1,0495463680441
"Belarus";2015;-3,82957055828379
"Belgium";2015;2,04145900919961
"Bosnia and Herzegovina";2015;3,08916415179439
"Bulgaria";2015;3,98985171362301
"Croatia";2015;2,43188857335539
"Cyprus";2015;3,21856901005827
"Czech Republic";2015;5,38838083815307
"Denmark";2015;2,34259110757047
"Estonia";2015;1,84488667705067
"Finland";2015;0,543659211765487
"France";2015;1,1129123405747
"Georgia";2015;3,02220738019703
"Germany";2015;1,49193152760772
"Greece";2015;-0,437833825754794
"Hungary";2015;3,81942837927696
"Iceland";2015;4,74898497215104
"Ireland";2015;25,1625331003403
"Israel";2015;2,29009213261608
"Italy";2015;0,778304350716581
"Latvia";2015;4,00687403269866
"Lithuania";2015;2,02458395469182
"Luxembourg";2015;4,30643149305372
"Macedonia";2015;3,85586514041738
"Malta";2015;9,6081323482308
"Moldova";2015;-0,338235324459944
"Monaco";2015;4,89999916940167
"Montenegro";2015;3,39038879419505
"Morocco";2015;4,53637816806425
"Netherlands";2015;1,95916972105708
"Norway";2015;1,96712843821408
"Poland";2015;4,23632630608085
"Portugal";2015;1,79204604555983
"Romania";2015;2,95367403735953
"Russia";2015;-1,97271922637542
"San Marino";2015;2,4573279979885
"Serbia";2015;1,80605926509682
"Serbia and Montenegro";2015;2,59822402964593
"Slovakia";2015;4,81489967027436
"Slovenia";2015;2,21008160650594
"Spain";2015;3,83517266033846
"Sweden";2015;4,48928158790491
"Switzerland";2015;1,3333691753042
"Turkey";2015;6,08448690017995
"Ukraine";2015;-9,77296079067543
"United Kingdom";2015;2,35552430595799
"Yugoslavia";2015;2,58551647818952
"Albania";2016;3,31480475341897
"Andorra";2016;3,70967806978986
"Armenia";2016;0,199999999825991
"Australia";2016;2,7706521973025
"Austria";2016;1,98943716230463
"Azerbaijan";2016;-3,06359845351251
"Belarus";2016;-2,52644643552364
"Belgium";2016;1,26668640902095
"Bosnia and Herzegovina";2016;3,14980691561182
"Bulgaria";2016;3,82043453021177
"Croatia";2016;3,49813499168994
"Cyprus";2016;6,43805848146472
"Czech Republic";2016;2,5372845203138
"Denmark";2016;3,24595698524399
"Estonia";2016;3,18781708302028
"Finland";2016;2,81145776663433
"France";2016;1,09546440372048
"Georgia";2016;2,90643878002064
"Germany";2016;2,22999986782015
"Greece";2016;-0,190952352057238
"Hungary";2016;2,13999571174807
"Iceland";2016;6,62703663431921
"Ireland";2016;3,67781580955584
"Israel";2016;3,98204641920276
"Italy";2016;1,29346273155907
"Latvia";2016;2,37292412754951
"Lithuania";2016;2,51882827307178
"Luxembourg";2016;4,57460105103911
"Macedonia";2016;2,84820519363306
"Malta";2016;3,89120692508136
"Moldova";2016;4,40888672378215
"Monaco";2016;3,50000139074969
"Montenegro";2016;2,94931306833857
"Morocco";2016;1,05985639008179
"Netherlands";2016;2,19171371926123
"Norway";2016;1,07155897720727
"Poland";2016;3,14173122907013
"Portugal";2016;2,01948539561312
"Romania";2016;4,70299774749441
"Russia";2016;0,193690071729534
"San Marino";2016;2,45937588353054
"Serbia";2016;3,33858676542988
"Serbia and Montenegro";2016;3,14394991688423
"Slovakia";2016;2,13272778393984
"Slovenia";2016;3,19185251782498
"Spain";2016;3,03130132981933
"Sweden";2016;2,07059315052096
"Switzerland";2016;1,72274067016851
"Turkey";2016;3,32308420844105
"Ukraine";2016;2,23506761905661
"United Kingdom";2016;1,91815513204681
"Yugoslavia";2016;3,22553885177904
"Albania";2017;3,80219748796804
"Andorra";2017;0,346071889630295
"Armenia";2017;7,50000000164144
"Australia";2017;2,30061062359425
"Austria";2017;2,39958760332166
"Azerbaijan";2017;0,153614646686307
"Belarus";2017;2,53218350023035
"Belgium";2017;1,60808683450885
"Bosnia and Herzegovina";2017;3,17143487487128
"Bulgaria";2017;3,50275153013627
"Croatia";2017;3,43921735228665
"Cyprus";2017;5,15477714593604
"Czech Republic";2017;5,16872430413071
"Denmark";2017;2,82173634129026
"Estonia";2017;5,49915471010711
"Finland";2017;3,27017227416624
"France";2017;2,29141999417021
"Georgia";2017;4,84260322496586
"Germany";2017;2,60197600462604
"Greece";2017;1,50509939592598
"Hungary";2017;4,31678098650497
"Iceland";2017;4,54598290279273
"Ireland";2017;8,14529626312184
"Israel";2017;3,53670317097017
"Italy";2017;1,66785904106857
"Latvia";2017;3,2507202900895
"Lithuania";2017;4,28259695120761
"Luxembourg";2017;1,80118095539584
"Macedonia";2017;1,08177273813243
"Malta";2017;8,01506313434925
"Moldova";2017;4,69079339018722
"Monaco";2017;-3,40000080981497
"Montenegro";2017;4,71648965710496
"Morocco";2017;4,24894920814332
"Netherlands";2017;2,91090251315005
"Norway";2017;2,3232584068849
"Poland";2017;4,83065457036179
"Portugal";2017;3,50634473938494
"Romania";2017;7,31944852925453
"Russia";2017;1,82579006355112
"San Marino";2017;0,602381214348185
"Serbia";2017;2,10116384741241
"Serbia and Montenegro";2017;3,40882675225869
"Slovakia";2017;3,04327955580635
"Slovenia";2017;4,79354876042457
"Spain";2017;2,97364119053731
"Sweden";2017;2,56792452526476
"Switzerland";2017;1,79940884956473
"Turkey";2017;7,50199749358555
"Ukraine";2017;2,46603562470679
"United Kingdom";2017;1,89207700716807
"Yugoslavia";2017;3,64437089841997
"Albania";2018;4,07130129479023
"Andorra";2018;1,58876549046354
"Armenia";2018;5,19999999965324
"Australia";2018;2,94928577160958
"Austria";2018;2,58012073304926
"Azerbaijan";2018;1,50040170699388
"Belarus";2018;3,14919759374963
"Belgium";2018;1,81229599862863
"Bosnia and Herzegovina";2018;3,74007109201324
"Bulgaria";2018;3,09244765360886
"Croatia";2018;2,80760970078776
"Cyprus";2018;5,24074782806838
"Czech Republic";2018;3,1813140503092
"Denmark";2018;2,17564638865319
"Estonia";2018;4,35546476501582
"Finland";2018;1,51758861140196
"France";2018;1,79286392711333
"Georgia";2018;4,86993477619603
"Germany";2018;1,26799523225071
"Greece";2018;1,93437065932918
"Hungary";2018;5,40529410393094
"Iceland";2018;3,81442300431327
"Ireland";2018;8,16987071841437
"Israel";2018;3,45370255788211
"Italy";2018;0,944089468582305
"Latvia";2018;4,02431104454983
"Lithuania";2018;3,9368459012309
"Luxembourg";2018;3,11083626560442
"Macedonia";2018;2,89999999999999
"Malta";2018;5,17859848221423
"Moldova";2018;4,30147772232226
"Monaco";2018;6,10000047479944
"Montenegro";2018;5,07791065599665
"Morocco";2018;3,14850265040512
"Netherlands";2018;2,36091509478513
"Norway";2018;1,28954820126177
"Poland";2018;5,353704746044
"Portugal";2018;2,84932594937632
"Romania";2018;4,47452377497343
"Russia";2018;2,53633130140389
"San Marino";2018;1,31277140529018
"Serbia";2018;4,4951212927627
"Serbia and Montenegro";2018;4,78651597437968
"Slovakia";2018;3,76863150894924
"Slovenia";2018;4,38450172090073
"Spain";2018;2,43004714546871
"Sweden";2018;1,95002284569983
"Switzerland";2018;2,75055377478878
"Turkey";2018;2,95896672404676
"Ukraine";2018;3,40529852208769
"United Kingdom";2018;1,34072060244353
"Yugoslavia";2018;4,10104289249222
"Albania";2019;2,24007026773023
"Andorra";2019;1,84923825726078
"Armenia";2019;7,59999999853918
"Australia";2019;2,16095629535999
"Austria";2019;1,41873427248989
"Azerbaijan";2019;2,21870427670241
"Belarus";2019;1,22209662862558
"Belgium";2019;1,7438195246211
"Bosnia and Herzegovina";2019;2,67816082303464
"Bulgaria";2019;3,694308379839
"Croatia";2019;2,85892596800696
"Cyprus";2019;3,07503434303197
"Czech Republic";2019;2,33530928255712
"Denmark";2019;2,8495144411967
"Estonia";2019;4,99644378512059
"Finland";2019;1,1455357025294
"France";2019;1,50859403033795
"Georgia";2019;4,98235045944931
"Germany";2019;0,555450887945668
"Greece";2019;1,87087000443557
"Hungary";2019;4,57819046064414
"Iceland";2019;1,91867686670734
"Ireland";2019;5,54976718213716
"Israel";2019;3,47168823051378
"Italy";2019;0,342718996631092
"Latvia";2019;2,05408150762321
"Lithuania";2019;4,33886103349596
"Luxembourg";2019;2,29697881609749
"Macedonia";2019;3,2
"Malta";2019;4,9198221173362
"Moldova";2019;3,58048425375992
"Monaco";2019;NA
"Montenegro";2019;4,06293885004432
"Morocco";2019;2,48190512448301
"Netherlands";2019;1,67741836780002
"Norway";2019;1,15472193916453
"Poland";2019;4,54091951432764
"Portugal";2019;2,23597655505208
"Romania";2019;4,15262741240312
"Russia";2019;1,34187544067058
"San Marino";2019;NA
"Serbia";2019;4,24851343995569
"Serbia and Montenegro";2019;4,155726145
"Slovakia";2019;2,31702345469655
"Slovenia";2019;3,18434162415744
"Spain";2019;1,95012689445046
"Sweden";2019;1,26098005513558
"Switzerland";2019;0,928832411662611
"Turkey";2019;0,916534797206751
"Ukraine";2019;3,23349118845559
"United Kingdom";2019;1,46265820190786
"Yugoslavia";2019;3,40657614103981
